pgID,interpChr,interpOrd,og,repGene,genome,chr,start,end,hap1,salicifolius,hap2
5,X,6,17887,NChap1_final_00000006,hap1,X,478724,480411,NChap1_final_00000006,R_salicifolius_00022222,
23,X,14,18107,NChap1_final_00000014,hap1,X,528938,530259,NChap1_final_00000014,R_salicifolius_00022238,
44,X,30,18175,NChap1_final_00000030,hap1,X,667370,668068,NChap1_final_00000030,R_salicifolius_00022251,
56,X,40,18179,NChap1_final_00000040,hap1,X,785078,787088,NChap1_final_00000040,R_salicifolius_00022258,
74,X,59,18237,NChap1_final_00000059,hap1,X,943180,945520,NChap1_final_00000059,R_salicifolius_00022268,
195,X,158,17159,NChap1_final_00000158,hap1,X,2067286,2069908,NChap1_final_00000158,R_salicifolius_00022420,
224,X,185,17266,NChap1_final_00000185,hap1,X,2302330,2305035,NChap1_final_00000185,R_salicifolius_00022432,
226,X,186,17272,NChap1_final_00000186,hap1,X,2306780,2309863,NChap1_final_00000186,R_salicifolius_00022433,
257,X,213,17377,NChap1_final_00000213,hap1,X,2750134,2753132,NChap1_final_00000213,R_salicifolius_00022452,
261,X,216,17387,NChap1_final_00000216,hap1,X,2766497,2774933,NChap1_final_00000216,R_salicifolius_00022455,
298,X,237,17364,NChap1_final_00000237,hap1,X,2995102,2996350,NChap1_final_00000237,R_salicifolius_00022481,
308,X,245,17304,NChap1_final_00000245,hap1,X,3100930,3101527,NChap1_final_00000245,R_salicifolius_00022484,
319,X,254,17322,NChap1_final_00000254,hap1,X,3182625,3184303,NChap1_final_00000254,R_salicifolius_00022489,
345,X,287,17722,NChap1_final_00000287,hap1,X,3539305,3541063,NChap1_final_00000287,R_salicifolius_00022508,
352,X,292,17296,NChap1_final_00000292,hap1,X,3646021,3655934,NChap1_final_00000292,R_salicifolius_00022513,
470,X,373,17863,NChap1_final_00000373,hap1,X,4846186,4846609,NChap1_final_00000373,R_salicifolius_00022361,
488,X,388,17908,NChap1_final_00000388,hap1,X,5127429,5129238,NChap1_final_00000388,R_salicifolius_00022357,
534,X,428,17856,NChap1_final_00000428,hap1,X,5709723,5721102,NChap1_final_00000428,R_salicifolius_00022280,
559,X,449,17575,NChap1_final_00000449,hap1,X,6115334,6117446,NChap1_final_00000449,R_salicifolius_00022298,
574,X,461,18182,NChap1_final_00000461,hap1,X,6317466,6319312,NChap1_final_00000461,R_salicifolius_00022304,
850,X,694,18135,NChap1_final_00000694,hap1,X,10036694,10037906,NChap1_final_00000694,R_salicifolius_00023268,
881,X,718,18211,NChap1_final_00000718,hap1,X,10587678,10590869,NChap1_final_00000718,R_salicifolius_00023249,
884,X,721,18212,NChap1_final_00000721,hap1,X,10606089,10607018,NChap1_final_00000721,R_salicifolius_00023252,
918,X,751,18217,NChap1_final_00000751,hap1,X,11128204,11133343,NChap1_final_00000751,R_salicifolius_00023233,
952,X,773,18194,NChap1_final_00000773,hap1,X,11574370,11575770,NChap1_final_00000773,R_salicifolius_00023211,
955,X,776,18196,NChap1_final_00000776,hap1,X,11586452,11586991,NChap1_final_00000776,R_salicifolius_00023208,
974,X,796,18221,NChap1_final_00000796,hap1,X,11905275,11907680,NChap1_final_00000796,R_salicifolius_00023140,
993,X,810,18197,NChap1_final_00000810,hap1,X,12055872,12061083,NChap1_final_00000810,R_salicifolius_00023145,
1009,X,820,18234,NChap1_final_00000820,hap1,X,12271667,12274149,NChap1_final_00000820,R_salicifolius_00023163,
1063,X,863,18205,NChap1_final_00000863,hap1,X,12996841,12997600,NChap1_final_00000863,R_salicifolius_00023192,
1209,X,963,17825,NChap1_final_00000963,hap1,X,14886818,14889494,NChap1_final_00035347|NChap1_final_00000963,R_salicifolius_00023397,
1322,X,1030,18236,NChap1_final_00001030,hap1,X,16133124,16134751,NChap1_final_00001030,R_salicifolius_00023628,
1376,X,1060,16968,NChap1_final_00001060,hap1,X,16539327,16542440,NChap1_final_00001060,R_salicifolius_00023573,
1390,X,1070,16904,NChap1_final_00001070,hap1,X,16706512,16709212,NChap1_final_00001070,R_salicifolius_00023568,
1542,X,1229,16990,NChap1_final_00001229,hap1,X,20764016,20768090,NChap1_final_00001229,R_salicifolius_00023023,
1544,X,1230,16998,NChap1_final_00001230,hap1,X,20784431,20786283,NChap1_final_00001230,R_salicifolius_00023022,
1643,X,1307,17008,NChap1_final_00001307,hap1,X,22500628,22501741,NChap1_final_00001307,R_salicifolius_00023053,
1795,X,1418,17073,NChap1_final_00001418,hap1,X,26201466,26206423,NChap1_final_00001418,R_salicifolius_00022943,
1934,X,1516,17102,NChap1_final_00001516,hap1,X,29181833,29182406,NChap1_final_00001516,R_salicifolius_00022888,
1986,X,1554,17095,NChap1_final_00001554,hap1,X,30157654,30162264,NChap1_final_00001554,R_salicifolius_00022873,
2055,X,1605,17098,NChap1_final_00001605,hap1,X,31954161,31960950,NChap1_final_00001605,R_salicifolius_00022850,
2168,X,1688,17129,NChap1_final_00001688,hap1,X,34792388,34793617,NChap1_final_00001688,R_salicifolius_00022832,
2175,X,1692,17108,NChap1_final_00001692,hap1,X,35066679,35067972,NChap1_final_00001692,R_salicifolius_00022835,
2178,X,1693,17120,NChap1_final_00001693,hap1,X,35092374,35094024,NChap1_final_00001693,R_salicifolius_00022837,
2180,X,1696,17121,NChap1_final_00001696,hap1,X,35174593,35178209,NChap1_final_00001696,R_salicifolius_00022840,
2299,X,1800,17165,NChap1_final_00001800,hap1,X,38728428,38729574,NChap1_final_00001800,R_salicifolius_00022735,
2307,X,1806,17158,NChap1_final_00001806,hap1,X,38894353,38894854,NChap1_final_00001806,R_salicifolius_00022731,
2317,X,1816,17173,NChap1_final_00001816,hap1,X,39089816,39091107,NChap1_final_00001816,R_salicifolius_00022725,
2528,X,1981,17214,NChap1_final_00001981,hap1,X,45268184,45273469,NChap1_final_00001981,R_salicifolius_00022642,
2571,X,2020,17201,NChap1_final_00002020,hap1,X,46261722,46263471,NChap1_final_00002020,R_salicifolius_00022623|R_salicifolius_00022740,
2584,X,2029,17181,NChap1_final_00002029,hap1,X,46642373,46644072,NChap1_final_00002029,R_salicifolius_00022615,
2772,X,2182,17227,NChap1_final_00002182,hap1,X,52989664,52991806,NChap1_final_00002182,R_salicifolius_00022535,
2838,X,2229,17242,NChap1_final_00002229,hap1,X,54852060,54856212,NChap1_final_00002229,R_salicifolius_00023664,
2902,X,2264,17258,NChap1_final_00002264,hap1,X,55947424,55951160,NChap1_final_00002264,R_salicifolius_00023739,
2926,X,2270,17239,NChap1_final_00002270,hap1,X,56217782,56220551,NChap1_final_00002270,R_salicifolius_00023716,
3103,X,2390,17281,NChap1_final_00002390,hap1,X,60564553,60567355,NChap1_final_00002390,R_salicifolius_00023836,
3171,X,2425,17292,NChap1_final_00002425,hap1,X,62547392,62556124,NChap1_final_00002425,R_salicifolius_00023875,
3175,X,2427,17288,NChap1_final_00002427,hap1,X,62624682,62626185,NChap1_final_00002427,R_salicifolius_00023878,
3273,X,2498,17295,NChap1_final_00002498,hap1,X,66988615,66991332,NChap1_final_00002498,R_salicifolius_00023906,
3407,X,2596,17315,NChap1_final_00002596,hap1,X,72003357,72006548,NChap1_final_00002596,R_salicifolius_00023973,
3439,X,2618,17335,NChap1_final_00002618,hap1,X,72768669,72770646,NChap1_final_00002618,R_salicifolius_00023986,
3524,X,2673,17354,NChap1_final_00002673,hap1,X,76940780,76942092,NChap1_final_00002673,R_salicifolius_00024019,
3630,X,2737,17363,NChap1_final_00002737,hap1,X,82479614,82480609,NChap1_final_00002737,R_salicifolius_00024052,
3719,X,2811,17366,NChap1_final_00002811,hap1,X,85349711,85351959,NChap1_final_00002811,R_salicifolius_00021880,
3747,X,2826,17365,NChap1_final_00002826,hap1,X,86321333,86327602,NChap1_final_00002826,R_salicifolius_00021866,
3773,X,2850,17367,NChap1_final_00002850,hap1,X,88111523,88116378,NChap1_final_00002850,R_salicifolius_00021878,
3774,X,2851,17368,NChap1_final_00002851,hap1,X,88209082,88212618,NChap1_final_00002851,R_salicifolius_00021433,
3777,X,2854,17369,NChap1_final_00002854,hap1,X,88361543,88368249,NChap1_final_00002854,R_salicifolius_00021434,
3809,X,2870,17375,NChap1_final_00002870,hap1,X,89212193,89214406,NChap1_final_00002870,R_salicifolius_00021447,
3813,X,2872,17376,NChap1_final_00002872,hap1,X,89285136,89287914,NChap1_final_00002872,R_salicifolius_00021451,
4070,X,3039,17442,NChap1_final_00003039,hap1,X,97359502,97360694,NChap1_final_00003039,R_salicifolius_00021550,
4109,X,3070,17438,NChap1_final_00003070,hap1,X,98291057,98292301,NChap1_final_00003070,R_salicifolius_00021569,
4111,X,3072,17441,NChap1_final_00003072,hap1,X,98625240,98627757,NChap1_final_00003072,R_salicifolius_00021572,
4164,X,3123,17513,NChap1_final_00003123,hap1,X,99916442,99918417,NChap1_final_00003123,R_salicifolius_00019114,
4165,X,3124,17514,NChap1_final_00003124,hap1,X,99933041,99936120,NChap1_final_00003124,R_salicifolius_00019115,
4166,X,3125,17511,NChap1_final_00003125,hap1,X,99946372,99959567,NChap1_final_00003125,R_salicifolius_00019116,
4169,X,3128,17448,NChap1_final_00003128,hap1,X,99998462,100001198,NChap1_final_00003128,R_salicifolius_00019119,
4177,X,3131,17483,NChap1_final_00003131,hap1,X,100125170,100127755,NChap1_final_00003131,R_salicifolius_00019128,
4183,X,3135,17470,NChap1_final_00003135,hap1,X,100281692,100284640,NChap1_final_00003135,R_salicifolius_00019133,
4206,X,3155,17542,NChap1_final_00003155,hap1,X,100811095,100815233,NChap1_final_00003155,R_salicifolius_00019604,
4211,X,3158,17544,NChap1_final_00003158,hap1,X,100850578,100851917,NChap1_final_00003158,R_salicifolius_00019608,
4228,X,3173,17508,NChap1_final_00003173,hap1,X,101174884,101176778,NChap1_final_00003173,R_salicifolius_00019660,
4229,X,3174,17474,NChap1_final_00003174,hap1,X,101282520,101284269,NChap1_final_00003174,R_salicifolius_00019657,
4231,X,3176,17497,NChap1_final_00003176,hap1,X,101323962,101326761,NChap1_final_00003176,R_salicifolius_00019655,
4235,X,3180,17485,NChap1_final_00003180,hap1,X,101618369,101620219,NChap1_final_00003180,R_salicifolius_00019653,
4244,X,3190,17482,NChap1_final_00003190,hap1,X,101936273,101938009,NChap1_final_00003190,R_salicifolius_00019645,
4257,X,3206,17521,NChap1_final_00003206,hap1,X,102560595,102578213,NChap1_final_00003206,R_salicifolius_00019106,
4261,X,3210,17505,NChap1_final_00003210,hap1,X,102804452,102808332,NChap1_final_00003210,R_salicifolius_00019102,
4263,X,3212,17549,NChap1_final_00003212,hap1,X,102921621,102925685,NChap1_final_00003212,R_salicifolius_00019101,
4265,X,3214,17550,NChap1_final_00003214,hap1,X,102932329,102934942,NChap1_final_00003214,R_salicifolius_00019100,
4273,X,3219,17558,NChap1_final_00003219,hap1,X,102992878,102996281,NChap1_final_00003219,R_salicifolius_00019093,
4278,X,3225,17554,NChap1_final_00003225,hap1,X,103058618,103061565,NChap1_final_00003225,R_salicifolius_00019094,
4284,X,3233,17498,NChap1_final_00003233,hap1,X,103253366,103255064,NChap1_final_00003233,R_salicifolius_00019090,
4287,X,3236,17528,NChap1_final_00003236,hap1,X,103399438,103401307,NChap1_final_00003236,R_salicifolius_00019085,
4296,X,3244,17531,NChap1_final_00003244,hap1,X,103467639,103468610,NChap1_final_00003244,R_salicifolius_00019088,
4298,X,3245,17509,NChap1_final_00003245,hap1,X,103481111,103481911,NChap1_final_00003245,R_salicifolius_00019089,
4300,X,3247,17524,NChap1_final_00003247,hap1,X,103694783,103697829,NChap1_final_00003247,R_salicifolius_00019082,
4319,X,3267,17526,NChap1_final_00003267,hap1,X,104099534,104106089,NChap1_final_00003267,R_salicifolius_00019077,
4349,X,3293,17597,NChap1_final_00003293,hap1,X,104682210,104685354,NChap1_final_00003293,R_salicifolius_00019049,
4382,X,3317,17574,NChap1_final_00003317,hap1,X,104963556,104967314,NChap1_final_00003317,R_salicifolius_00019062,
4387,X,3322,17626,NChap1_final_00003322,hap1,X,105027522,105032198,NChap1_final_00003322,R_salicifolius_00019035,
4427,X,3352,17624,NChap1_final_00003352,hap1,X,105717107,105717847,NChap1_final_00003352,R_salicifolius_00018985,
4433,X,3353,17625,NChap1_final_00003353,hap1,X,105735255,105740063,NChap1_final_00003353,R_salicifolius_00018979,
4437,X,3356,17541,NChap1_final_00003356,hap1,X,105804504,105806874,NChap1_final_00003356,R_salicifolius_00018977,
4443,X,3362,17606,NChap1_final_00003362,hap1,X,105892804,105893782,NChap1_final_00003362,R_salicifolius_00018973,
4462,X,3372,17617,NChap1_final_00003372,hap1,X,105996460,106002965,NChap1_final_00003372,R_salicifolius_00019000,
4484,X,3393,17561,NChap1_final_00003393,hap1,X,106499110,106499561,NChap1_final_00003393,R_salicifolius_00019909,
4485,X,3394,17562,NChap1_final_00003394,hap1,X,106526557,106529666,NChap1_final_00003394,R_salicifolius_00019908,
4492,X,3397,17570,NChap1_final_00003397,hap1,X,106652191,106653353,NChap1_final_00003397,R_salicifolius_00019903,
4494,X,3399,17632,NChap1_final_00003399,hap1,X,106706339,106707990,NChap1_final_00003399,R_salicifolius_00019902,
4496,X,3400,17634,NChap1_final_00003400,hap1,X,106707867,106709960,NChap1_final_00003400,R_salicifolius_00019900,
4502,X,3404,17595,NChap1_final_00003404,hap1,X,106871418,106876442,NChap1_final_00003404,R_salicifolius_00019896,
4504,X,3406,17596,NChap1_final_00003406,hap1,X,106884047,106886415,NChap1_final_00003406,R_salicifolius_00019895,
4509,X,3411,17620,NChap1_final_00003411,hap1,X,106994595,106999066,NChap1_final_00003411,R_salicifolius_00019894,
4510,X,3412,17621,NChap1_final_00003412,hap1,X,107016501,107018625,NChap1_final_00003412,R_salicifolius_00019893,
4512,X,3414,17622,NChap1_final_00003414,hap1,X,107077412,107079347,NChap1_final_00003414,R_salicifolius_00019892,
4514,X,3415,17636,NChap1_final_00003415,hap1,X,107132323,107135243,NChap1_final_00003415,R_salicifolius_00019890,
4517,X,3417,17637,NChap1_final_00003417,hap1,X,107157094,107171958,NChap1_final_00003417,R_salicifolius_00019887,
4518,X,3418,17635,NChap1_final_00003418,hap1,X,107161754,107167520,NChap1_final_00003418,R_salicifolius_00019888,
4521,X,3420,17612,NChap1_final_00003420,hap1,X,107181381,107183202,NChap1_final_00003420,R_salicifolius_00019884,
4538,X,3431,17582,NChap1_final_00003431,hap1,X,107777638,107778025,NChap1_final_00003431,R_salicifolius_00019870,
4542,X,3435,17609,NChap1_final_00003435,hap1,X,107805492,107806382,NChap1_final_00003435,R_salicifolius_00019869,
4557,X,3449,17591,NChap1_final_00003449,hap1,X,108192690,108194385,NChap1_final_00003449,R_salicifolius_00019865,
4561,X,3455,17630,NChap1_final_00003455,hap1,X,108388925,108392740,NChap1_final_00003455,R_salicifolius_00019864,
4563,X,3460,17615,NChap1_final_00003460,hap1,X,108659276,108661393,NChap1_final_00003460,R_salicifolius_00019863,
4573,X,3471,17628,NChap1_final_00003471,hap1,X,108920075,108924100,NChap1_final_00003471,R_salicifolius_00019859,
4579,X,3477,17643,NChap1_final_00003477,hap1,X,109111834,109120755,NChap1_final_00003477,R_salicifolius_00019856,
4599,X,3496,17644,NChap1_final_00003496,hap1,X,109682154,109685604,NChap1_final_00003496,R_salicifolius_00019847,
4600,X,3497,17646,NChap1_final_00003497,hap1,X,109748247,109754568,NChap1_final_00003497,R_salicifolius_00019846,
4602,X,3499,17641,NChap1_final_00003499,hap1,X,109978282,109987738,NChap1_final_00003499,R_salicifolius_00019845,
4603,X,3500,17639,NChap1_final_00003500,hap1,X,110020419,110022707,NChap1_final_00003500,R_salicifolius_00019844,
4609,X,3508,17725,NChap1_final_00003508,hap1,X,110323320,110326571,NChap1_final_00003508,R_salicifolius_00019831,
4612,X,3510,17726,NChap1_final_00003510,hap1,X,110363676,110367802,NChap1_final_00003510,R_salicifolius_00019834,
4631,X,3527,17679,NChap1_final_00003527,hap1,X,110641107,110642195,NChap1_final_00003527,R_salicifolius_00019840,
4632,X,3528,17676,NChap1_final_00003528,hap1,X,110642702,110644799,NChap1_final_00003528,R_salicifolius_00019841,
4633,X,3529,17666,NChap1_final_00003529,hap1,X,110686239,110690308,NChap1_final_00003529,R_salicifolius_00019842,
4641,X,3537,17681,NChap1_final_00003537,hap1,X,110852733,110854832,NChap1_final_00003537,R_salicifolius_00019949,
4648,X,3543,17696,NChap1_final_00003543,hap1,X,111033226,111033988,NChap1_final_00003543,R_salicifolius_00019953,
4663,X,3552,17756,NChap1_final_00003552,hap1,X,111235184,111242865,NChap1_final_00003552,R_salicifolius_00019964,
4676,X,3565,17648,NChap1_final_00003565,hap1,X,111479620,111481271,NChap1_final_00003565,R_salicifolius_00019967,
4682,X,3570,17649,NChap1_final_00003570,hap1,X,111596897,111597611,NChap1_final_00003570,R_salicifolius_00019969,
4686,X,3573,17647,NChap1_final_00003573,hap1,X,111748326,111751538,NChap1_final_00003573,R_salicifolius_00019971,
4706,X,3591,17652,NChap1_final_00003591,hap1,X,112436795,112437736,NChap1_final_00003591,R_salicifolius_00019981,
4727,X,3607,17700,NChap1_final_00003607,hap1,X,112767620,112769069,NChap1_final_00003607,R_salicifolius_00019992,
4739,X,3616,17702,NChap1_final_00003616,hap1,X,112946216,112949909,NChap1_final_00003616,R_salicifolius_00019998,
4745,X,3623,17688,NChap1_final_00003623,hap1,X,112996987,112998445,NChap1_final_00003623,R_salicifolius_00020000,
4763,X,3641,17723,NChap1_final_00003641,hap1,X,113352214,113355485,NChap1_final_00003641,R_salicifolius_00019616,
4774,X,3648,17682,NChap1_final_00003648,hap1,X,113631767,113634959,NChap1_final_00003648,R_salicifolius_00019621,
4775,X,3649,17683,NChap1_final_00003649,hap1,X,113656712,113657140,NChap1_final_00003649,R_salicifolius_00019622,
4781,X,3653,17706,NChap1_final_00003653,hap1,X,113696873,113702253,NChap1_final_00003653,R_salicifolius_00019627,
4785,X,3655,17709,NChap1_final_00003655,hap1,X,113779916,113780714,NChap1_final_00003655,R_salicifolius_00019630,
4786,X,3656,17732,NChap1_final_00003656,hap1,X,113862272,113863983,NChap1_final_00003656,R_salicifolius_00019631,
4789,X,3658,17728,NChap1_final_00003658,hap1,X,113932022,113934939,NChap1_final_00003658,R_salicifolius_00019633,
4791,X,3660,17730,NChap1_final_00003660,hap1,X,113975581,113977354,NChap1_final_00003660,R_salicifolius_00019634,
4792,X,3661,17719,NChap1_final_00003661,hap1,X,113990833,113991972,NChap1_final_00003661,R_salicifolius_00019635,
4793,X,3662,17716,NChap1_final_00003662,hap1,X,113994751,113996346,NChap1_final_00003662,R_salicifolius_00019637,
4848,X,3717,17744,NChap1_final_00003717,hap1,X,117712071,117715546,NChap1_final_00003717,R_salicifolius_00019694,
4849,X,3718,17745,NChap1_final_00003718,hap1,X,117715331,117717631,NChap1_final_00003718,R_salicifolius_00019695,
4855,X,3723,17778,NChap1_final_00003723,hap1,X,117864431,117867069,NChap1_final_00003723,R_salicifolius_00019697,
4856,X,3724,17773,NChap1_final_00003724,hap1,X,118145489,118149345,NChap1_final_00003724,R_salicifolius_00019698,
4862,X,3731,17768,NChap1_final_00003731,hap1,X,118332727,118334300,NChap1_final_00003731,R_salicifolius_00019699,
4876,X,3745,17799,NChap1_final_00003745,hap1,X,118985552,118987676,NChap1_final_00003745,R_salicifolius_00019703,
4878,X,3746,17770,NChap1_final_00003746,hap1,X,118989712,118993856,NChap1_final_00003746,R_salicifolius_00019705,
4879,X,3747,17771,NChap1_final_00003747,hap1,X,119044758,119047604,NChap1_final_00003747,R_salicifolius_00019706,
4884,X,3752,17749,NChap1_final_00003752,hap1,X,119378705,119381937,NChap1_final_00003752,R_salicifolius_00019707,
4886,X,3754,17741,NChap1_final_00003754,hap1,X,119546500,119548858,NChap1_final_00003754,R_salicifolius_00019712,
4894,X,3760,17779,NChap1_final_00003760,hap1,X,120207431,120210118,NChap1_final_00003760,R_salicifolius_00019711,
4903,X,3770,17804,NChap1_final_00003770,hap1,X,120890256,120893212,NChap1_final_00003770,R_salicifolius_00019714,
4904,X,3771,17805,NChap1_final_00003771,hap1,X,120896660,120900697,NChap1_final_00003771,R_salicifolius_00019715,
4910,X,3776,17766,NChap1_final_00003776,hap1,X,121059427,121062320,NChap1_final_00003776,R_salicifolius_00019719,
4920,X,3782,17795,NChap1_final_00003782,hap1,X,121660242,121664879,NChap1_final_00003782,R_salicifolius_00019724,
4921,X,3783,17819,NChap1_final_00003783,hap1,X,121795155,121802873,NChap1_final_00003783,R_salicifolius_00019725,
4923,X,3784,17820,NChap1_final_00003784,hap1,X,121802935,121804553,NChap1_final_00003784,R_salicifolius_00019727,
4925,X,3786,17823,NChap1_final_00003786,hap1,X,121843421,121844106,NChap1_final_00003786,R_salicifolius_00019729,
4938,X,3799,17801,NChap1_final_00003799,hap1,X,122832004,122834012,NChap1_final_00003799,R_salicifolius_00019733,
4944,X,3804,17817,NChap1_final_00003804,hap1,X,123045238,123046555,NChap1_final_00003804,R_salicifolius_00019737,
4949,X,3808,17803,NChap1_final_00003808,hap1,X,123278722,123279614,NChap1_final_00003808,R_salicifolius_00019742,
4956,X,3813,17829,NChap1_final_00003813,hap1,X,123504766,123507550,NChap1_final_00003813,R_salicifolius_00019748,
4957,X,3814,17830,NChap1_final_00003814,hap1,X,123517746,123521573,NChap1_final_00003814,R_salicifolius_00019749,
4958,X,3816,17796,NChap1_final_00003816,hap1,X,123681624,123683167,NChap1_final_00003816,R_salicifolius_00019750,
4977,X,3822,17834,NChap1_final_00003822,hap1,X,124269164,124276039,NChap1_final_00003822,R_salicifolius_00019769,
4982,X,3827,17836,NChap1_final_00003827,hap1,X,124435303,124437984,NChap1_final_00003827,R_salicifolius_00019771,
5002,X,3843,17841,NChap1_final_00003843,hap1,X,124951729,124956021,NChap1_final_00003843,R_salicifolius_00019774,
5011,X,3848,17831,NChap1_final_00003848,hap1,X,124987643,124990641,NChap1_final_00003848,R_salicifolius_00019776,
5020,X,3852,17814,NChap1_final_00003852,hap1,X,125215613,125217928,NChap1_final_00003852,R_salicifolius_00019778,
5030,X,3857,17833,NChap1_final_00003857,hap1,X,125444521,125448795,NChap1_final_00003857,R_salicifolius_00019780,
5035,X,3859,17815,NChap1_final_00003859,hap1,X,125588642,125590098,NChap1_final_00003859,R_salicifolius_00019781,
5106,X,3903,17835,NChap1_final_00003903,hap1,X,127359461,127369376,NChap1_final_00003903,R_salicifolius_00018459,
5113,X,3910,17839,NChap1_final_00003910,hap1,X,127518886,127558517,NChap1_final_00003910,R_salicifolius_00018460,
5130,X,3928,17844,NChap1_final_00003928,hap1,X,128354950,128373842,NChap1_final_00003928,R_salicifolius_00018466,
5143,X,3940,17837,NChap1_final_00003940,hap1,X,128790898,128792428,NChap1_final_00003940,R_salicifolius_00018470,
5165,X,3962,17846,NChap1_final_00003962,hap1,X,129836715,129839590,NChap1_final_00003962,R_salicifolius_00018479,
5182,X,3975,17840,NChap1_final_00003975,hap1,X,130190540,130191900,NChap1_final_00003975,R_salicifolius_00018495,
5263,X,4042,17855,NChap1_final_00004042,hap1,X,132185557,132187989,NChap1_final_00004042,R_salicifolius_00018533,
5343,X,4092,17885,NChap1_final_00004092,hap1,X,133384718,133388250,NChap1_final_00004092,R_salicifolius_00018584,
5361,X,4103,17849,NChap1_final_00004103,hap1,X,133818170,133820024,NChap1_final_00004103,R_salicifolius_00018591,
5401,X,4121,17852,NChap1_final_00004121,hap1,X,134377421,134384537,NChap1_final_00004121,R_salicifolius_00018059,
5409,X,4129,17873,NChap1_final_00004129,hap1,X,134795422,134797320,NChap1_final_00004129,R_salicifolius_00018064,
5522,X,4191,17860,NChap1_final_00004191,hap1,X,137340401,137343031,NChap1_final_00004191,R_salicifolius_00018087,
5529,X,4195,17862,NChap1_final_00004195,hap1,X,137635903,137637704,NChap1_final_00004195,R_salicifolius_00018091,
5536,X,4201,17859,NChap1_final_00004201,hap1,X,137901879,137902341,NChap1_final_00004201,R_salicifolius_00018094,
5705,X,4302,17881,NChap1_final_00004302,hap1,X,144144774,144146427,NChap1_final_00004302,R_salicifolius_00019350,
5713,X,4310,17871,NChap1_final_00004310,hap1,X,144839906,144842169,NChap1_final_00004310,R_salicifolius_00019347,
5716,X,4313,17875,NChap1_final_00004313,hap1,X,145105742,145109171,NChap1_final_00004313,R_salicifolius_00019346,
5733,X,4321,17880,NChap1_final_00004321,hap1,X,145759601,145767847,NChap1_final_00004321,R_salicifolius_00019333,
5738,X,4326,17879,NChap1_final_00004326,hap1,X,146235632,146247627,NChap1_final_00004326,R_salicifolius_00019330,
5748,X,4337,17901,NChap1_final_00004337,hap1,X,146734742,146740785,NChap1_final_00004337,R_salicifolius_00018952,
5750,X,4339,17884,NChap1_final_00004339,hap1,X,146847425,146850197,NChap1_final_00004339,R_salicifolius_00018951,
5809,X,4388,17889,NChap1_final_00004388,hap1,X,148073281,148075175,NChap1_final_00004388,R_salicifolius_00018858,
5810,X,4389,17883,NChap1_final_00004389,hap1,X,148075965,148078935,NChap1_final_00004389,R_salicifolius_00018859,
5846,X,4392,17896,NChap1_final_00004392,hap1,X,148187635,148193761,NChap1_final_00004392,R_salicifolius_00018896,
5849,X,4393,17897,NChap1_final_00004393,hap1,X,148196132,148207512,NChap1_final_00004393,R_salicifolius_00018902,
5885,X,4414,17899,NChap1_final_00004414,hap1,X,148726265,148728275,NChap1_final_00004414,R_salicifolius_00018788,
5975,X,4456,17890,NChap1_final_00004456,hap1,X,149699877,149707459,NChap1_final_00004456,R_salicifolius_00018853,
5982,X,4461,17906,NChap1_final_00004461,hap1,X,149799437,149802250,NChap1_final_00004461,R_salicifolius_00018774,
5992,X,4467,17907,NChap1_final_00004467,hap1,X,149843195,149844302,NChap1_final_00004467,R_salicifolius_00018822,
6008,X,4476,17904,NChap1_final_00004476,hap1,X,149952149,149955152,NChap1_final_00004476,R_salicifolius_00018756,
6135,X,4536,17903,NChap1_final_00004536,hap1,X,152170279,152173261,NChap1_final_00004536,R_salicifolius_00021287,
6159,X,4549,17909,NChap1_final_00004549,hap1,X,152620357,152626541,NChap1_final_00004549,R_salicifolius_00021299,
6180,X,4564,17902,NChap1_final_00004564,hap1,X,152849042,152853059,NChap1_final_00004564,R_salicifolius_00021308,
6190,X,4572,17905,NChap1_final_00004572,hap1,X,153171225,153174900,NChap1_final_00004572,R_salicifolius_00021315,
6251,X,4600,17922,NChap1_final_00004600,hap1,X,154156269,154157098,NChap1_final_00004600,R_salicifolius_00021391,
6278,X,4622,17924,NChap1_final_00004622,hap1,X,155455071,155456671,NChap1_final_00004622,R_salicifolius_00021402,
6301,X,4639,17913,NChap1_final_00004639,hap1,X,156179423,156182546,NChap1_final_00004639,R_salicifolius_00021411,
6322,X,4658,17925,NChap1_final_00004658,hap1,X,157450054,157452411,NChap1_final_00004658,R_salicifolius_00017881,
6363,X,4683,17919,NChap1_final_00004683,hap1,X,158238731,158243240,NChap1_final_00004683,R_salicifolius_00017908,
6410,X,4721,17949,NChap1_final_00004721,hap1,X,159782435,159783619,NChap1_final_00004721,R_salicifolius_00019938,
6422,X,4728,17943,NChap1_final_00004728,hap1,X,159868811,159873774,NChap1_final_00004728,R_salicifolius_00019931,
6424,X,4729,17941,NChap1_final_00004729,hap1,X,159900215,159903720,NChap1_final_00004729,R_salicifolius_00019929,
6425,X,4730,17944,NChap1_final_00004730,hap1,X,159916520,159924788,NChap1_final_00004730,R_salicifolius_00019928,
6437,X,4740,17928,NChap1_final_00004740,hap1,X,160246104,160248513,NChap1_final_00004740,R_salicifolius_00019916,
6438,X,4741,17929,NChap1_final_00004741,hap1,X,160249986,160253986,NChap1_final_00004741,R_salicifolius_00019917,
6441,X,4744,17939,NChap1_final_00004744,hap1,X,160376126,160376746,NChap1_final_00004744,R_salicifolius_00019918,
6442,X,4745,17940,NChap1_final_00004745,hap1,X,160378856,160381115,NChap1_final_00004745,R_salicifolius_00019919,
6443,X,4746,17938,NChap1_final_00004746,hap1,X,160385141,160387504,NChap1_final_00004746,R_salicifolius_00019920,
6444,X,4747,17945,NChap1_final_00004747,hap1,X,160387798,160390129,NChap1_final_00004747,R_salicifolius_00019921,
6452,X,4757,17930,NChap1_final_00004757,hap1,X,160540921,160543790,NChap1_final_00004757,R_salicifolius_00019922,
6459,X,4764,17934,NChap1_final_00004764,hap1,X,160938011,160940249,NChap1_final_00004764,R_salicifolius_00019293,
6471,X,4776,17969,NChap1_final_00004776,hap1,X,161230945,161243201,NChap1_final_00004776,R_salicifolius_00019290,
6472,X,4777,17970,NChap1_final_00004777,hap1,X,161244627,161249348,NChap1_final_00004777,R_salicifolius_00019289,
6479,X,4786,17935,NChap1_final_00004786,hap1,X,161726768,161729396,NChap1_final_00004786,R_salicifolius_00019288,
6484,X,4789,17933,NChap1_final_00004789,hap1,X,161915936,161918326,NChap1_final_00004789,R_salicifolius_00019285,
6487,X,4794,17937,NChap1_final_00004794,hap1,X,162541377,162542433,NChap1_final_00004794,R_salicifolius_00019284,
6513,X,4801,17936,NChap1_final_00004801,hap1,X,163493439,163495728,NChap1_final_00004801,R_salicifolius_00019261,
6547,X,4827,17957,NChap1_final_00004827,hap1,X,165288506,165290023,NChap1_final_00004827,R_salicifolius_00019241,
6576,X,4854,17971,NChap1_final_00004854,hap1,X,167008544,167011766,NChap1_final_00004854,R_salicifolius_00019230,
6582,X,4862,17960,NChap1_final_00004862,hap1,X,167483456,167486155,NChap1_final_00004862,R_salicifolius_00019595,
6593,X,4872,17982,NChap1_final_00004872,hap1,X,168328815,168334697,NChap1_final_00004872,R_salicifolius_00019590,
6601,X,4882,17967,NChap1_final_00004882,hap1,X,169437061,169440541,NChap1_final_00004882,R_salicifolius_00019586,
6628,X,4905,17966,NChap1_final_00004905,hap1,X,170918532,170922241,NChap1_final_00004905,R_salicifolius_00019576,
6653,X,4921,17984,NChap1_final_00004921,hap1,X,172171874,172175104,NChap1_final_00004921,R_salicifolius_00019554,
6656,X,4925,17976,NChap1_final_00004925,hap1,X,172637341,172641317,NChap1_final_00004925,R_salicifolius_00019555,
6661,X,4931,17980,NChap1_final_00004931,hap1,X,172958004,172960724,NChap1_final_00004931,R_salicifolius_00019558,
6673,X,4936,17991,NChap1_final_00004936,hap1,X,173128742,173132195,NChap1_final_00004936,R_salicifolius_00019567,
6694,X,4955,17994,NChap1_final_00004955,hap1,X,173694186,173696748,NChap1_final_00004955,R_salicifolius_00019527,
6708,X,4961,17986,NChap1_final_00004961,hap1,X,174214251,174219996,NChap1_final_00004961,R_salicifolius_00019523,
6733,X,4974,17989,NChap1_final_00004974,hap1,X,174844589,174861471,NChap1_final_00004974,R_salicifolius_00019493,
6747,X,4985,17987,NChap1_final_00004985,hap1,X,175428369,175433624,NChap1_final_00004985,R_salicifolius_00019506,
6761,X,4998,18009,NChap1_final_00004998,hap1,X,176023596,176034556,NChap1_final_00004998,R_salicifolius_00019503,
6766,X,5003,17992,NChap1_final_00005003,hap1,X,176197904,176201075,NChap1_final_00005003,R_salicifolius_00019499,
6777,X,5015,18004,NChap1_final_00005015,hap1,X,176655646,176657405,NChap1_final_00005015,R_salicifolius_00019489,
6782,X,5020,17996,NChap1_final_00005020,hap1,X,177075372,177081479,NChap1_final_00005020,R_salicifolius_00019488,
6797,X,5036,18006,NChap1_final_00005036,hap1,X,178501133,178506490,NChap1_final_00005036,R_salicifolius_00019482,
6800,X,5038,18007,NChap1_final_00005038,hap1,X,178569668,178574766,NChap1_final_00005038,R_salicifolius_00019478,
6806,X,5045,18003,NChap1_final_00005045,hap1,X,179762069,179781863,NChap1_final_00005045,R_salicifolius_00019475,
6811,X,5049,18001,NChap1_final_00005049,hap1,X,180268315,180272245,NChap1_final_00005049,R_salicifolius_00019467,
6817,X,5052,18005,NChap1_final_00005052,hap1,X,181142117,181144276,NChap1_final_00005052,R_salicifolius_00019473,
6834,X,5061,18019,NChap1_final_00005061,hap1,X,181598532,181601317,NChap1_final_00005061,R_salicifolius_00019449,
6853,X,5067,18016,NChap1_final_00005067,hap1,X,181820692,181824564,NChap1_final_00005067,R_salicifolius_00019436,
6922,X,5119,18035,NChap1_final_00005119,hap1,X,183630337,183636174,NChap1_final_00005119,R_salicifolius_00017854,
6950,X,5137,18031,NChap1_final_00005137,hap1,X,185327552,185333567,NChap1_final_00005137,R_salicifolius_00017847,
6959,X,5143,18021,NChap1_final_00005143,hap1,X,186156694,186159667,NChap1_final_00005143,R_salicifolius_00017830,
6978,X,5156,18034,NChap1_final_00005156,hap1,X,186660288,186663829,NChap1_final_00005156,R_salicifolius_00017827,
6985,X,5161,18030,NChap1_final_00005161,hap1,X,187346862,187392384,NChap1_final_00005161,R_salicifolius_00017861,
7114,X,5235,18042,NChap1_final_00005235,hap1,X,193082625,193087977,NChap1_final_00005235,R_salicifolius_00021757,
7135,X,5249,18047,NChap1_final_00005249,hap1,X,193882278,193886158,NChap1_final_00005249,R_salicifolius_00021742,
7144,X,5257,18072,NChap1_final_00005257,hap1,X,194495661,194513136,NChap1_final_00005257,R_salicifolius_00021735,
7230,X,5281,18049,NChap1_final_00005281,hap1,X,196794756,196796726,NChap1_final_00005281,R_salicifolius_00021716,
7278,X,5295,18053,NChap1_final_00005295,hap1,X,197640477,197642954,NChap1_final_00005295,R_salicifolius_00021702,
7299,X,5305,18057,NChap1_final_00005305,hap1,X,198131220,198135359,NChap1_final_00005305,R_salicifolius_00021693,
7309,X,5309,18051,NChap1_final_00005309,hap1,X,198451181,198452922,NChap1_final_00005309,R_salicifolius_00021690,
7349,X,5337,18064,NChap1_final_00005337,hap1,X,199750853,199752969,NChap1_final_00005337,R_salicifolius_00021681,
7367,X,5351,18058,NChap1_final_00005351,hap1,X,201260367,201261530,NChap1_final_00005351,R_salicifolius_00021670,
7579,X,5506,18077,NChap1_final_00005506,hap1,X,207789668,207793134,NChap1_final_00005506,R_salicifolius_00018014,
7644,X,5554,18081,NChap1_final_00005554,hap1,X,210176082,210191294,NChap1_final_00005554,R_salicifolius_00018171,
7669,X,5572,18078,NChap1_final_00005572,hap1,X,211151974,211154709,NChap1_final_00005572,R_salicifolius_00018182,
7710,X,5605,18080,NChap1_final_00005605,hap1,X,212464778,212467056,NChap1_final_00005605,R_salicifolius_00018327,
7860,X,5705,18083,NChap1_final_00005705,hap1,X,217064995,217068288,NChap1_final_00005705,R_salicifolius_00018229,
7927,X,5748,18084,NChap1_final_00005748,hap1,X,220231970,220234606,NChap1_final_00005748,R_salicifolius_00018201,
8104,X,5881,18085,NChap1_final_00005881,hap1,X,228999946,229001104,NChap1_final_00005881,R_salicifolius_00018372,
8143,X,5910,18086,NChap1_final_00005910,hap1,X,230014865,230018000,NChap1_final_00005910,R_salicifolius_00018385,
8185,X,5940,18088,NChap1_final_00005940,hap1,X,231272813,231275641,NChap1_final_00005940,R_salicifolius_00018405,
8219,X,5985,18099,NChap1_final_00005985,hap1,X,233850301,233858576,NChap1_final_00005985,R_salicifolius_00019355,
8231,X,5998,18091,NChap1_final_00005998,hap1,X,234163149,234167755,NChap1_final_00005998,R_salicifolius_00019359,
8241,X,6006,18092,NChap1_final_00006006,hap1,X,234468342,234470974,NChap1_final_00006006,R_salicifolius_00019367,
8245,X,6010,18090,NChap1_final_00006010,hap1,X,235532202,235533467,NChap1_final_00006010,R_salicifolius_00019174,
8249,X,6013,18105,NChap1_final_00006013,hap1,X,235711285,235714803,NChap1_final_00006013,R_salicifolius_00019177,
8254,X,6016,18104,NChap1_final_00006016,hap1,X,235760064,235762495,NChap1_final_00006016,R_salicifolius_00019180,
8259,X,6021,18100,NChap1_final_00006021,hap1,X,235863335,235866463,NChap1_final_00006021,R_salicifolius_00019183,
8265,X,6024,18098,NChap1_final_00006024,hap1,X,235921540,235926610,NChap1_final_00006024,R_salicifolius_00019187,
8268,X,6027,18103,NChap1_final_00006027,hap1,X,236171747,236174506,NChap1_final_00006027,R_salicifolius_00019189,
8271,X,6030,18093,NChap1_final_00006030,hap1,X,236366733,236367569,NChap1_final_00006030,R_salicifolius_00019190,
8273,X,6032,18120,NChap1_final_00006032,hap1,X,236406689,236408944,NChap1_final_00006032,R_salicifolius_00019191,
8278,X,6034,18121,NChap1_final_00006034,hap1,X,236444782,236447094,NChap1_final_00006034,R_salicifolius_00019195,
8293,X,6050,18102,NChap1_final_00006050,hap1,X,236653616,236655944,NChap1_final_00006050,R_salicifolius_00019202,
8380,X,6080,18115,NChap1_final_00006080,hap1,X,237859197,237864211,NChap1_final_00006080,R_salicifolius_00019295,
8388,X,6087,18126,NChap1_final_00006087,hap1,X,238650322,238654666,NChap1_final_00006087,R_salicifolius_00019301,
8396,X,6096,18111,NChap1_final_00006096,hap1,X,239070633,239072163,NChap1_final_00006096,R_salicifolius_00019304,
8397,X,6097,18108,NChap1_final_00006097,hap1,X,239094288,239100685,NChap1_final_00006097,R_salicifolius_00019305,
8441,X,6138,18113,NChap1_final_00006138,hap1,X,240943023,240944415,NChap1_final_00006138,R_salicifolius_00019377,
8445,X,6143,18129,NChap1_final_00006143,hap1,X,241170941,241173069,NChap1_final_00006143,R_salicifolius_00019362,
8452,X,6151,18128,NChap1_final_00006151,hap1,X,241935648,241939958,NChap1_final_00006151,R_salicifolius_00019383,
8553,X,6259,18145,NChap1_final_00006259,hap1,X,251063514,251064861,NChap1_final_00006259,R_salicifolius_00019374,
8554,X,6260,18146,NChap1_final_00006260,hap1,X,251064875,251066035,NChap1_final_00006260,R_salicifolius_00019373,
8560,X,6265,18147,NChap1_final_00006265,hap1,X,251242690,251246160,NChap1_final_00006265,R_salicifolius_00019370,
8687,X,6355,18149,NChap1_final_00006355,hap1,X,256412782,256415524,NChap1_final_00006355,R_salicifolius_00021640,
8691,X,6357,18166,NChap1_final_00006357,hap1,X,256525023,256529046,NChap1_final_00006357,R_salicifolius_00021638,
8693,X,6359,18165,NChap1_final_00006359,hap1,X,256570577,256572787,NChap1_final_00006359,R_salicifolius_00021637,
8740,X,6393,18150,NChap1_final_00006393,hap1,X,258134158,258135375,NChap1_final_00006393,R_salicifolius_00021630,
8760,X,6414,18158,NChap1_final_00006414,hap1,X,260090915,260095585,NChap1_final_00006414,R_salicifolius_00021622,
8766,X,6420,18151,NChap1_final_00006420,hap1,X,260575631,260578032,NChap1_final_00006420,R_salicifolius_00021618,
8929,X,6542,18171,NChap1_final_00006542,hap1,X,270533827,270537933,NChap1_final_00006542,R_salicifolius_00015484,
8946,X,6554,18169,NChap1_final_00006554,hap1,X,271073298,271074236,NChap1_final_00006554,R_salicifolius_00015549,
9021,X,6613,18172,NChap1_final_00006613,hap1,X,277681092,277682527,NChap1_final_00006613,R_salicifolius_00015552,
9262,X,6767,18173,NChap1_final_00006767,hap1,X,287846009,287849562,NChap1_final_00006767,R_salicifolius_00021238,
9575,X,6994,18178,NChap1_final_00006994,hap1,X,307129518,307132338,NChap1_final_00006994,R_salicifolius_00009442,
10254,X,7496,18180,NChap1_final_00007496,hap1,X,348277807,348280334,NChap1_final_00007496,R_salicifolius_00017532,
10322,X,7541,18181,NChap1_final_00007541,hap1,X,351511768,351512899,NChap1_final_00007541,R_salicifolius_00017506,
10359,X,7566,18185,NChap1_final_00007566,hap1,X,353520476,353522931,NChap1_final_00007566,R_salicifolius_00017579,
10390,X,7590,18183,NChap1_final_00007590,hap1,X,355459007,355459784,NChap1_final_00007590,R_salicifolius_00017591,
10417,X,7611,18186,NChap1_final_00007611,hap1,X,356339767,356345319,NChap1_final_00007611,R_salicifolius_00017597,
10606,X,7753,18188,NChap1_final_00007753,hap1,X,369313761,369321763,NChap1_final_00007753,R_salicifolius_00021914,
10958,X,8033,18191,NChap1_final_00008033,hap1,X,384811679,384812799,NChap1_final_00008033,R_salicifolius_00009695,
11025,X,8081,18192,NChap1_final_00008081,hap1,X,387491714,387494081,NChap1_final_00008081,R_salicifolius_00009736,
11190,X,8215,18195,NChap1_final_00008215,hap1,X,392864442,392868043,NChap1_final_00008215,R_salicifolius_00009851,
11469,X,8414,18202,NChap1_final_00008414,hap1,X,401134485,401135310,NChap1_final_00008414,R_salicifolius_00006199,
11562,X,8483,18206,NChap1_final_00008483,hap1,X,403504110,403505987,NChap1_final_00008483|NChap1_final_00008650,R_salicifolius_00006222,
11621,X,8530,18201,NChap1_final_00008530,hap1,X,404789952,404791843,NChap1_final_00008530,R_salicifolius_00006135,
11705,X,8595,18203,NChap1_final_00008595,hap1,X,406641591,406644632,NChap1_final_00008595,R_salicifolius_00006107,
12031,X,8849,18208,NChap1_final_00008849,hap1,X,417226185,417229828,NChap1_final_00008849,R_salicifolius_00006556,
12048,X,8861,18207,NChap1_final_00008861,hap1,X,417789693,417791242,NChap1_final_00008861,R_salicifolius_00006543,
12283,X,9005,18209,NChap1_final_00009005,hap1,X,424649925,424651571,NChap1_final_00009005,R_salicifolius_00006436,
12334,X,9053,18210,NChap1_final_00009053,hap1,X,427852382,427853887,NChap1_final_00009053,R_salicifolius_00006764,
12643,X,9239,18213,NChap1_final_00009239,hap1,X,435292076,435298872,NChap1_final_00009239,R_salicifolius_00006332,
12771,X,9307,18215,NChap1_final_00009307,hap1,X,438157395,438160111,NChap1_final_00009307,R_salicifolius_00006387,
12802,X,9327,18214,NChap1_final_00009327,hap1,X,438735586,438737253,NChap1_final_00009327,R_salicifolius_00006877,
12884,X,9386,18216,NChap1_final_00009386,hap1,X,441168735,441170142,NChap1_final_00009386,R_salicifolius_00006922,
12901,X,9403,18230,NChap1_final_00009403,hap1,X,441676641,441681676,NChap1_final_00009403,R_salicifolius_00006932,
12903,X,9404,18231,NChap1_final_00009404,hap1,X,441682313,441685878,NChap1_final_00009404,R_salicifolius_00006931,
13103,X,9543,18228,NChap1_final_00009543,hap1,X,445452257,445461899,NChap1_final_00009543,R_salicifolius_00008147,
13106,X,9544,18219,NChap1_final_00009544,hap1,X,445489738,445497088,NChap1_final_00009544,R_salicifolius_00008149,
13169,X,9589,18225,NChap1_final_00009589,hap1,X,446683396,446685777,NChap1_final_00009589,R_salicifolius_00008258,
13208,X,9629,18222,NChap1_final_00009629,hap1,X,447924257,447926263,NChap1_final_00009629,R_salicifolius_00008287,
13212,X,9631,18223,NChap1_final_00009631,hap1,X,448045444,448046081,NChap1_final_00009631,R_salicifolius_00008288,
13266,X,9666,18232,NChap1_final_00009666,hap1,X,448976682,448978272,NChap1_final_00009666,R_salicifolius_00008324,
13274,X,9673,18229,NChap1_final_00009673,hap1,X,449017315,449046099,NChap1_final_00009673,R_salicifolius_00008328,
13322,X,9714,18233,NChap1_final_00009714,hap1,X,449942436,449946296,NChap1_final_00009714,R_salicifolius_00008349,
13519,X,9895,18235,NChap1_final_00009895,hap1,X,453891362,453893553,NChap1_final_00009895,R_salicifolius_00007814,
13565,X,9938,16886,NChap1_final_00009938,hap1,X,454711861,454714681,NChap1_final_00009938,R_salicifolius_00007829,
13568,X,9940,16887,NChap1_final_00009940,hap1,X,454743769,454746764,NChap1_final_00009940,R_salicifolius_00007832,
13697,X,10055,16885,NChap1_final_00010055,hap1,X,456808238,456809499,NChap1_final_00010055,R_salicifolius_00007971,
13812,X,10160,16890,NChap1_final_00010160,hap1,X,459337845,459341792,NChap1_final_00010160,R_salicifolius_00007947,
13852,X,10193,16889,NChap1_final_00010193,hap1,X,459942692,459943933,NChap1_final_00010193,R_salicifolius_00007931,
13867,X,10207,16891,NChap1_final_00010207,hap1,X,460088229,460091259,NChap1_final_00010207,R_salicifolius_00007926,
13869,X,10208,16892,NChap1_final_00010208,hap1,X,460094686,460105196,NChap1_final_00010208,R_salicifolius_00007925,
13887,X,10225,16893,NChap1_final_00010225,hap1,X,460623698,460626080,NChap1_final_00010225,R_salicifolius_00007919,
13930,X,10261,16899,NChap1_final_00010261,hap1,X,461282370,461285016,NChap1_final_00010261,R_salicifolius_00007897,
13990,X,10307,16894,NChap1_final_00010307,hap1,X,462651610,462652785,NChap1_final_00010307,R_salicifolius_00007875,
14024,X,10338,16897,NChap1_final_00010338,hap1,X,463039449,463040507,NChap1_final_00010338,R_salicifolius_00008026,
14063,X,10372,16910,NChap1_final_00010372,hap1,X,463662085,463664814,NChap1_final_00010372,R_salicifolius_00007500,
14076,X,10385,16900,NChap1_final_00010385,hap1,X,463849065,463850760,NChap1_final_00010385,R_salicifolius_00007523,
14097,X,10402,16898,NChap1_final_00010402,hap1,X,464078214,464081300,NChap1_final_00010402,R_salicifolius_00007533,
14107,X,10409,16906,NChap1_final_00010409,hap1,X,464185207,464190841,NChap1_final_00010409,R_salicifolius_00007539,
14120,X,10417,16907,NChap1_final_00010417,hap1,X,464277033,464279498,NChap1_final_00010417,R_salicifolius_00007547,
14163,X,10458,16901,NChap1_final_00010458,hap1,X,464892720,464895278,NChap1_final_00010458,R_salicifolius_00007573,
14175,X,10471,16903,NChap1_final_00010471,hap1,X,465073363,465074286,NChap1_final_00010471,R_salicifolius_00007590,
14282,X,10567,16911,NChap1_final_00010567,hap1,X,466730750,466739508,NChap1_final_00010567,R_salicifolius_00007641,
14284,X,10568,16912,NChap1_final_00010568,hap1,X,466739886,466743556,NChap1_final_00010568,R_salicifolius_00007642,
14311,X,10588,16905,NChap1_final_00010588,hap1,X,467029035,467030388,NChap1_final_00010588,R_salicifolius_00007659,
14599,X,10816,16915,NChap1_final_00010816,hap1,X,470755595,470758034,NChap1_final_00010816,R_salicifolius_00006985,
14606,X,10819,16914,NChap1_final_00010819,hap1,X,470852588,470859756,NChap1_final_00010819,R_salicifolius_00006987,
14705,X,10900,16922,NChap1_final_00010900,hap1,X,472147019,472150283,NChap1_final_00010900,R_salicifolius_00007056,
14707,X,10902,16923,NChap1_final_00010902,hap1,X,472168382,472170596,NChap1_final_00010902,R_salicifolius_00007058,
14832,X,10989,16921,NChap1_final_00010989,hap1,X,473921375,473924012,NChap1_final_00010989,R_salicifolius_00008096,
14841,X,10996,16919,NChap1_final_00010996,hap1,X,474090648,474092016,NChap1_final_00010996,R_salicifolius_00008092,
14849,X,11002,16920,NChap1_final_00011002,hap1,X,474117950,474119898,NChap1_final_00011002,R_salicifolius_00008085,
14857,X,11009,16932,NChap1_final_00011009,hap1,X,474195115,474201176,NChap1_final_00011009,R_salicifolius_00008081,
14904,X,11047,16916,NChap1_final_00011047,hap1,X,474911297,474912063,NChap1_final_00011047,R_salicifolius_00008055,
14905,X,11048,16917,NChap1_final_00011048,hap1,X,474912195,474914709,NChap1_final_00011048,R_salicifolius_00008054,
14973,X,11095,16924,NChap1_final_00011095,hap1,X,475900054,475903258,NChap1_final_00011095,R_salicifolius_00007668,
15026,X,11137,16928,NChap1_final_00011137,hap1,X,476689788,476691668,NChap1_final_00011137,R_salicifolius_00008230,
15060,X,11162,16927,NChap1_final_00011162,hap1,X,477014665,477017744,NChap1_final_00011162,R_salicifolius_00008209,
15072,X,11172,16929,NChap1_final_00011172,hap1,X,477229656,477234492,NChap1_final_00011172,R_salicifolius_00008197,
15139,X,11224,16930,NChap1_final_00011224,hap1,X,477852490,477855158,NChap1_final_00011224,R_salicifolius_00008158,
15162,X,11245,16925,NChap1_final_00011245,hap1,X,478137239,478139181,NChap1_final_00011245,R_salicifolius_00007322,
15223,X,11291,16933,NChap1_final_00011291,hap1,X,478730944,478733437,NChap1_final_00011291,R_salicifolius_00007347,
15246,X,11311,16935,NChap1_final_00011311,hap1,X,478965709,478966334,NChap1_final_00011311,R_salicifolius_00008439,
15361,X,11395,16931,NChap1_final_00011395,hap1,X,480004992,480006097,NChap1_final_00011395,R_salicifolius_00007707,
15374,X,11406,16936,NChap1_final_00011406,hap1,X,480212400,480215951,NChap1_final_00011406,R_salicifolius_00007716,
15384,X,11415,16937,NChap1_final_00011415,hap1,X,480286774,480289194,NChap1_final_00011415,R_salicifolius_00007723,
15461,X,11468,16941,NChap1_final_00011468,hap1,X,480938715,480940699,NChap1_final_00011468,R_salicifolius_00007760,
15463,X,11470,16942,NChap1_final_00011470,hap1,X,480951926,480953436,NChap1_final_00011470,R_salicifolius_00007762,
15465,X,11472,16943,NChap1_final_00011472,hap1,X,480961255,480961806,NChap1_final_00011472,R_salicifolius_00007764,
15527,X,11527,16944,NChap1_final_00011527,hap1,X,481594630,481594994,NChap1_final_00011527,R_salicifolius_00007364,
15566,X,11559,16940,NChap1_final_00011559,hap1,X,481924717,481927718,NChap1_final_00011559,R_salicifolius_00007382,
15595,X,11584,16946,NChap1_final_00011584,hap1,X,482145072,482148068,NChap1_final_00011584,R_salicifolius_00007393,
15599,X,11588,16947,NChap1_final_00011588,hap1,X,482172766,482174899,NChap1_final_00011588,R_salicifolius_00007397,
15611,X,11596,16948,NChap1_final_00011596,hap1,X,482299493,482300992,NChap1_final_00011596,R_salicifolius_00007405,
15645,X,11618,16949,NChap1_final_00011618,hap1,X,482538157,482539831,NChap1_final_00011618,R_salicifolius_00007429,
15647,X,11620,16950,NChap1_final_00011620,hap1,X,482551818,482556616,NChap1_final_00011620,R_salicifolius_00007431,
15648,X,11621,16951,NChap1_final_00011621,hap1,X,482556917,482559717,NChap1_final_00011621,R_salicifolius_00007432,
15649,X,11622,16952,NChap1_final_00011622,hap1,X,482559867,482561108,NChap1_final_00011622,R_salicifolius_00007433,
15712,A1,11669,17110,NChap1_final_00011669,hap1,A1,868577,870742,NChap1_final_00011669,R_salicifolius_00013215,
15717,A1,11671,17111,NChap1_final_00011671,hap1,A1,881162,881681,NChap1_final_00011671,R_salicifolius_00013208,
15723,A1,11674,17112,NChap1_final_00011674,hap1,A1,892403,894018,NChap1_final_00011674,R_salicifolius_00013228,
15725,A1,11675,17113,NChap1_final_00011675,hap1,A1,896767,900803,NChap1_final_00011675,R_salicifolius_00013230,
15729,A1,11679,17114,NChap1_final_00011679,hap1,A1,954499,958798,NChap1_final_00011679,R_salicifolius_00013233,
15747,A1,11693,17115,NChap1_final_00011693,hap1,A1,1032224,1032671,NChap1_final_00011693,R_salicifolius_00013245,
15778,A1,11720,17117,NChap1_final_00011720,hap1,A1,1224844,1227468,NChap1_final_00011720,R_salicifolius_00013263,
15806,A1,11739,17118,NChap1_final_00011739,hap1,A1,1449027,1449648,NChap1_final_00011739,R_salicifolius_00013306,
15810,A1,11741,17119,NChap1_final_00011741,hap1,A1,1476359,1476992,NChap1_final_00011741,R_salicifolius_00013303,
16030,A1,11920,17125,NChap1_final_00011920,hap1,A1,3631696,3632182,NChap1_final_00011920,R_salicifolius_00004284,
16087,A1,11959,17127,NChap1_final_00011959,hap1,A1,4190548,4194482,NChap1_final_00011959,R_salicifolius_00004320,
16105,A1,11977,17128,NChap1_final_00011977,hap1,A1,4470883,4473310,NChap1_final_00011977,R_salicifolius_00004333,
16380,A1,12208,17131,NChap1_final_00012208,hap1,A1,8201504,8202231,NChap1_final_00012208,R_salicifolius_00004266,
16698,A1,12454,17134,NChap1_final_00012454,hap1,A1,12277204,12280870,NChap1_final_00012454,R_salicifolius_00004087,
16735,A1,12477,17136,NChap1_final_00012477,hap1,A1,12588309,12591965,NChap1_final_00012477,R_salicifolius_00004064,
16742,A1,12481,17137,NChap1_final_00012481,hap1,A1,12649491,12655396,NChap1_final_00012481,R_salicifolius_00004057,
16825,A1,12552,17138,NChap1_final_00012552,hap1,A1,14164766,14168774,NChap1_final_00012552,R_salicifolius_00004007,
16879,A1,12600,17140,NChap1_final_00012600,hap1,A1,15015990,15017943,NChap1_final_00012600,R_salicifolius_00004034,
16911,A1,12623,17141,NChap1_final_00012623,hap1,A1,15515754,15528614,NChap1_final_00012623,R_salicifolius_00004049,
17140,A1,12806,17143,NChap1_final_00012806,hap1,A1,19179419,19179958,NChap1_final_00012806,R_salicifolius_00003860,
17198,A1,12866,17144,NChap1_final_00012866,hap1,A1,21092723,21093323,NChap1_final_00012866,R_salicifolius_00003110,
17259,A1,12910,17145,NChap1_final_00012910,hap1,A1,22008798,22011005,NChap1_final_00012910,R_salicifolius_00003082,
17376,A1,13013,17147,NChap1_final_00013013,hap1,A1,24833823,24836373,NChap1_final_00013013,R_salicifolius_00003038,
17418,A1,13041,17148,NChap1_final_00013041,hap1,A1,26301319,26304685,NChap1_final_00013041,R_salicifolius_00003022,
17429,A1,13049,17149,NChap1_final_00013049,hap1,A1,26466373,26467044,NChap1_final_00013049,R_salicifolius_00003019,
17448,A1,13065,17150,NChap1_final_00013065,hap1,A1,27273546,27274803,NChap1_final_00013065,R_salicifolius_00003015,
17598,A1,13190,17151,NChap1_final_00013190,hap1,A1,32470896,32472541,NChap1_final_00013190,R_salicifolius_00002966,
17765,A1,13324,17154,NChap1_final_00013324,hap1,A1,39873401,39876038,NChap1_final_00013324,R_salicifolius_00003557,
17880,A1,13422,17156,NChap1_final_00013422,hap1,A1,45527466,45528590,NChap1_final_00013422,R_salicifolius_00003602,
17967,A1,13489,17161,NChap1_final_00013489,hap1,A1,49778684,49781386,NChap1_final_00013489,R_salicifolius_00003647,
18049,A1,13557,17164,NChap1_final_00013557,hap1,A1,55645420,55649233,NChap1_final_00013557,R_salicifolius_00003670,
18344,A1,13795,17167,NChap1_final_00013795,hap1,A1,73626377,73629292,NChap1_final_00013795,R_salicifolius_00020558,
18435,A1,13852,17168,NChap1_final_00013852,hap1,A1,77588155,77707820,NChap1_final_00013852,R_salicifolius_00020586,
18441,A1,13858,17169,NChap1_final_00013858,hap1,A1,77848023,77850154,NChap1_final_00013858,R_salicifolius_00020590,
18519,A1,13908,17172,NChap1_final_00013908,hap1,A1,82224491,82225939,NChap1_final_00013908,R_salicifolius_00020618,
18826,A1,14105,17174,NChap1_final_00014105,hap1,A1,95351276,95353341,NChap1_final_00014105,R_salicifolius_00021051,
18956,A1,14169,17175,NChap1_final_00014169,hap1,A1,100079356,100080449,NChap1_final_00014169,R_salicifolius_00020947,
19813,A1,14754,17178,NChap1_final_00014754,hap1,A1,150484447,150487702,NChap1_final_00014754,R_salicifolius_00003771,
20122,A1,14990,17190,NChap1_final_00014990,hap1,A1,173111929,173115454,NChap1_final_00014990,R_salicifolius_00020714,
20133,A1,14999,17183,NChap1_final_00014999,hap1,A1,173284872,173286680,NChap1_final_00014999,R_salicifolius_00020710,
20177,A1,15038,17186,NChap1_final_00015038,hap1,A1,175365990,175376697,NChap1_final_00015038,R_salicifolius_00020696,
20330,A1,15144,17189,NChap1_final_00015144,hap1,A1,180811060,180812672,NChap1_final_00015144,R_salicifolius_00020773,
20331,A1,15145,17188,NChap1_final_00015145,hap1,A1,180813494,180814677,NChap1_final_00015145,R_salicifolius_00020774,
20366,A1,15173,17194,NChap1_final_00015173,hap1,A1,181805674,181810495,NChap1_final_00015173,R_salicifolius_00020792,
20398,A1,15195,17193,NChap1_final_00015195,hap1,A1,182934410,182939308,NChap1_final_00015195,R_salicifolius_00020813,
20615,A1,15350,17196,NChap1_final_00015350,hap1,A1,191547495,191548249,NChap1_final_00015350,R_salicifolius_00020423,
20713,A1,15432,17197,NChap1_final_00015432,hap1,A1,194968397,194969818,NChap1_final_00015432,R_salicifolius_00020380,
20721,A1,15436,17198,NChap1_final_00015436,hap1,A1,195053122,195054624,NChap1_final_00015436,R_salicifolius_00020376,
20904,A1,15588,17200,NChap1_final_00015588,hap1,A1,200171716,200174752,NChap1_final_00015588,R_salicifolius_00020310,
21405,A1,16010,17216,NChap1_final_00016010,hap1,A1,216647717,216651121,NChap1_final_00016010,R_salicifolius_00020074,
21411,A1,16015,17217,NChap1_final_00016015,hap1,A1,216671378,216675066,NChap1_final_00016015,R_salicifolius_00020069,
21470,A1,16060,17209,NChap1_final_00016060,hap1,A1,217391490,217392414,NChap1_final_00016060,R_salicifolius_00017124,
21518,A1,16100,17211,NChap1_final_00016100,hap1,A1,218567222,218569144,NChap1_final_00016100,R_salicifolius_00017098,
21584,A1,16162,17213,NChap1_final_00016162,hap1,A1,219541625,219542924,NChap1_final_00016162,R_salicifolius_00017051,
21586,A1,16164,17212,NChap1_final_00016164,hap1,A1,219566167,219569191,NChap1_final_00016164,R_salicifolius_00017050,
21689,A1,16256,17215,NChap1_final_00016256,hap1,A1,220804986,220807037,NChap1_final_00016256,R_salicifolius_00016986,
21874,A1,16408,17219,NChap1_final_00016408,hap1,A1,224283609,224285615,NChap1_final_00016408,R_salicifolius_00017382,
21885,A1,16418,17218,NChap1_final_00016418,hap1,A1,224511958,224515561,NChap1_final_00016418,R_salicifolius_00017385,
22031,A1,16533,17222,NChap1_final_00016533,hap1,A1,227690904,227691288,NChap1_final_00016533,R_salicifolius_00017448,
22117,A1,16612,17226,NChap1_final_00016612,hap1,A1,229592448,229593503,NChap1_final_00016612,R_salicifolius_00016406,
22190,A1,16674,17228,NChap1_final_00016674,hap1,A1,231201437,231204824,NChap1_final_00016674,R_salicifolius_00016225,
22329,A1,16787,17231,NChap1_final_00016787,hap1,A1,234276642,234278016,NChap1_final_00016787,R_salicifolius_00016182,
22351,A1,16802,17232,NChap1_final_00016802,hap1,A1,234850805,234854807,NChap1_final_00016802,R_salicifolius_00016196,
22441,A1,16874,17233,NChap1_final_00016874,hap1,A1,237084749,237088264,NChap1_final_00016874,R_salicifolius_00016115,
22462,A1,16888,17235,NChap1_final_00016888,hap1,A1,237587096,237590129,NChap1_final_00016888,R_salicifolius_00016249,
22751,A1,17074,17240,NChap1_final_00017074,hap1,A1,242670443,242672855,NChap1_final_00017074,R_salicifolius_00016520,
22779,A1,17097,17237,NChap1_final_00017097,hap1,A1,243099609,243101717,NChap1_final_00017097,R_salicifolius_00016528,
22873,A1,17169,17243,NChap1_final_00017169,hap1,A1,245454381,245457831,NChap1_final_00017169,R_salicifolius_00016570,
22932,A1,17205,17241,NChap1_final_00017205,hap1,A1,248270248,248270821,NChap1_final_00017205,R_salicifolius_00008870,
23042,A1,17277,17245,NChap1_final_00017277,hap1,A1,251369556,251372795,NChap1_final_00017277,R_salicifolius_00008819,
23066,A1,17296,17246,NChap1_final_00017296,hap1,A1,252142674,252143123,NChap1_final_00017296,R_salicifolius_00008805,
23186,A1,17388,17248,NChap1_final_00017388,hap1,A1,254355126,254357316,NChap1_final_00017388,R_salicifolius_00016750,
23207,A1,17400,17249,NChap1_final_00017400,hap1,A1,254678737,254679702,NChap1_final_00017400,R_salicifolius_00016763,
23236,A1,17422,17247,NChap1_final_00017422,hap1,A1,254961366,254963930,NChap1_final_00017422,R_salicifolius_00016779,
23490,A1,17637,17252,NChap1_final_00017637,hap1,A1,259954564,259955480,NChap1_final_00017637,R_salicifolius_00017349,
23599,A1,17705,17255,NChap1_final_00017705,hap1,A1,262464241,262467587,NChap1_final_00017705,R_salicifolius_00017278,
23672,A1,17758,17257,NChap1_final_00017758,hap1,A1,264816362,264819745,NChap1_final_00017758,R_salicifolius_00017236,
23839,A1,17894,17259,NChap1_final_00017894,hap1,A1,269698336,269717990,NChap1_final_00017894,R_salicifolius_00017184,
23861,A1,17908,17260,NChap1_final_00017908,hap1,A1,270104045,270106895,NChap1_final_00017908,R_salicifolius_00017176,
23884,A1,17925,17263,NChap1_final_00017925,hap1,A1,270717656,270719847,NChap1_final_00017925,R_salicifolius_00017161,
24002,A1,18017,17264,NChap1_final_00018017,hap1,A1,273343135,273344473,NChap1_final_00018017,R_salicifolius_00017761,
24061,A1,18069,17262,NChap1_final_00018069,hap1,A1,274852087,274856441,NChap1_final_00018069,R_salicifolius_00016681,
24111,A1,18104,17268,NChap1_final_00018104,hap1,A1,275917233,275918529,NChap1_final_00018104,R_salicifolius_00016656,
24195,A1,18168,17271,NChap1_final_00018168,hap1,A1,277839659,277841906,NChap1_final_00018168,R_salicifolius_00016611,
24229,A1,18194,17273,NChap1_final_00018194,hap1,A1,278400513,278403997,NChap1_final_00018194,R_salicifolius_00016597,
24296,A1,18248,17280,NChap1_final_00018248,hap1,A1,279949555,279951043,NChap1_final_00018248,R_salicifolius_00017716,
24300,A1,18252,17274,NChap1_final_00018252,hap1,A1,280026967,280029670,NChap1_final_00018252,R_salicifolius_00017745,
24468,A1,18383,17278,NChap1_final_00018383,hap1,A1,283420811,283421924,NChap1_final_00018383,R_salicifolius_00017652,
24710,A1,18583,17283,NChap1_final_00018583,hap1,A1,296061416,296063610,NChap1_final_00018583,R_salicifolius_00009464,
24783,A1,18625,17282,NChap1_final_00018625,hap1,A1,297477689,297480213,NChap1_final_00018625,R_salicifolius_00009468,
24941,A1,18752,17284,NChap1_final_00018752,hap1,A1,306829256,306854892,NChap1_final_00018752,R_salicifolius_00009325,
25010,A1,18806,17285,NChap1_final_00018806,hap1,A1,310212534,310214616,NChap1_final_00018806,R_salicifolius_00009509,
25388,A1,19062,17286,NChap1_final_00019062,hap1,A1,331100261,331119019,NChap1_final_00019062,R_salicifolius_00009181,
25840,A1,19353,17289,NChap1_final_00019353,hap1,A1,352556397,352557155,NChap1_final_00019353,R_salicifolius_00016082,
26105,A1,19522,17290,NChap1_final_00019522,hap1,A1,363458515,363459277,NChap1_final_00019522,R_salicifolius_00013840,
26163,A1,19566,17291,NChap1_final_00019566,hap1,A1,367013979,367016622,NChap1_final_00019566,R_salicifolius_00011909,
26288,A1,19640,17293,NChap1_final_00019640,hap1,A1,375260914,375262103,NChap1_final_00019640,R_salicifolius_00011946,
26372,A1,19696,17294,NChap1_final_00019696,hap1,A1,381296902,381298750,NChap1_final_00019696,R_salicifolius_00011985,
26758,A1,19978,17297,NChap1_final_00019978,hap1,A1,406866809,406867557,NChap1_final_00019978,R_salicifolius_00012238,
26900,A1,20073,17301,NChap1_final_00020073,hap1,A1,414478278,414480480,NChap1_final_00020073,R_salicifolius_00015141,
26905,A1,20076,17300,NChap1_final_00020076,hap1,A1,415141986,415143863,NChap1_final_00020076,R_salicifolius_00015145,
26911,A1,20081,17302,NChap1_final_00020081,hap1,A1,415206319,415211238,NChap1_final_00020081,R_salicifolius_00015148,
27057,A1,20190,17308,NChap1_final_00020190,hap1,A1,423669147,423674993,NChap1_final_00020190,R_salicifolius_00015207,
27081,A1,20210,17305,NChap1_final_00020210,hap1,A1,424252195,424255186,NChap1_final_00020210,R_salicifolius_00015218,
27086,A1,20213,17313,NChap1_final_00020213,hap1,A1,424349247,424352783,NChap1_final_00020213,R_salicifolius_00015222,
27087,A1,20214,17314,NChap1_final_00020214,hap1,A1,424353235,424358559,NChap1_final_00020214,R_salicifolius_00015223,
27159,A1,20266,17307,NChap1_final_00020266,hap1,A1,426888394,426890066,NChap1_final_00020266,R_salicifolius_00015252,
27179,A1,20282,17306,NChap1_final_00020282,hap1,A1,427490646,427492377,NChap1_final_00020282,R_salicifolius_00015257,
27236,A1,20325,17317,NChap1_final_00020325,hap1,A1,430878994,430880838,NChap1_final_00020325,R_salicifolius_00015404,
27255,A1,20343,17312,NChap1_final_00020343,hap1,A1,432370684,432372667,NChap1_final_00020343,R_salicifolius_00015395,
27349,A1,20420,17321,NChap1_final_00020420,hap1,A1,435670097,435671500,NChap1_final_00020420,R_salicifolius_00015366,
27480,A1,20522,17329,NChap1_final_00020522,hap1,A1,441638647,441641402,NChap1_final_00020522,R_salicifolius_00015314,
27493,A1,20532,17324,NChap1_final_00020532,hap1,A1,442057980,442058926,NChap1_final_00020532,R_salicifolius_00015308,
27497,A1,20534,17325,NChap1_final_00020534,hap1,A1,442182880,442184901,NChap1_final_00020534,R_salicifolius_00015307,
27576,A1,20602,17327,NChap1_final_00020602,hap1,A1,444388702,444393598,NChap1_final_00020602,R_salicifolius_00000644,
27613,A1,20632,17328,NChap1_final_00020632,hap1,A1,445313997,445318068,NChap1_final_00020632,R_salicifolius_00000656,
27639,A1,20654,17331,NChap1_final_00020654,hap1,A1,445977254,445978526,NChap1_final_00020654,R_salicifolius_00000674,
27651,A1,20661,17330,NChap1_final_00020661,hap1,A1,446093382,446095049,NChap1_final_00020661,R_salicifolius_00000697,
27779,A1,20750,17332,NChap1_final_00020750,hap1,A1,449789326,449792733,NChap1_final_00020750,R_salicifolius_00001406,
27947,A1,20878,17336,NChap1_final_00020878,hap1,A1,453448577,453450634,NChap1_final_00020878,R_salicifolius_00001307,
27959,A1,20886,17334,NChap1_final_00020886,hap1,A1,453584895,453590302,NChap1_final_00020886,R_salicifolius_00001299,
28009,A1,20926,17338,NChap1_final_00020926,hap1,A1,454628933,454631347,NChap1_final_00020926,R_salicifolius_00001274,
28074,A1,20983,17339,NChap1_final_00020983,hap1,A1,455624497,455627301,NChap1_final_00020983,R_salicifolius_00001117,
28307,A1,21157,17341,NChap1_final_00021157,hap1,A1,459023357,459025315,NChap1_final_00021157,R_salicifolius_00001080,
28390,A1,21215,17342,NChap1_final_00021215,hap1,A1,460178494,460181600,NChap1_final_00021215,R_salicifolius_00000045,
28474,A1,21266,17349,NChap1_final_00021266,hap1,A1,460917897,460921458,NChap1_final_00021266,R_salicifolius_00005977,
28514,A1,21283,17347,NChap1_final_00021283,hap1,A1,461125432,461130793,NChap1_final_00021283,R_salicifolius_00002793,
28670,A1,21399,17348,NChap1_final_00021399,hap1,A1,462924657,462926115,NChap1_final_00021399,R_salicifolius_00001105,
28742,A1,21457,17358,NChap1_final_00021457,hap1,A1,463577271,463580677,NChap1_final_00021457,R_salicifolius_00000412,
28803,A1,21502,17350,NChap1_final_00021502,hap1,A1,464180031,464185441,NChap1_final_00021502,R_salicifolius_00000448,
28865,A1,21547,17360,NChap1_final_00021547,hap1,A1,464640294,464641680,NChap1_final_00021547,R_salicifolius_00000482,
28867,A1,21549,17359,NChap1_final_00021549,hap1,A1,464645662,464649540,NChap1_final_00021549,R_salicifolius_00000483,
28878,A1,21559,17356,NChap1_final_00021559,hap1,A1,464900306,464901438,NChap1_final_00021559,R_salicifolius_00000486,
28879,A1,21560,17353,NChap1_final_00021560,hap1,A1,464901730,464902946,NChap1_final_00021560,R_salicifolius_00000487,
28881,A1,21562,17355,NChap1_final_00021562,hap1,A1,464907350,464908424,NChap1_final_00021562,R_salicifolius_00000488,
28920,A1,21586,17362,NChap1_final_00021586,hap1,A1,465263264,465265553,NChap1_final_00021586,R_salicifolius_00000522,
28941,A1,21604,17357,NChap1_final_00021604,hap1,A1,465483968,465486909,NChap1_final_00021604,R_salicifolius_00000539,
28974,A1,21628,17361,NChap1_final_00021628,hap1,A1,466257094,466258100,NChap1_final_00021628,R_salicifolius_00000563,
29019,A2,21671,17381,NChap1_final_00021671,hap1,A2,735656,738968,NChap1_final_00021671,R_salicifolius_00010723,
29038,A2,21686,17382,NChap1_final_00021686,hap1,A2,915709,917123,NChap1_final_00021686,R_salicifolius_00010696,
29080,A2,21713,17383,NChap1_final_00021713,hap1,A2,1179105,1179986,NChap1_final_00021713,R_salicifolius_00022024,
29123,A2,21748,17388,NChap1_final_00021748,hap1,A2,1427419,1428838,NChap1_final_00021748,R_salicifolius_00022048,
29159,A2,21779,17390,NChap1_final_00021779,hap1,A2,1879940,1881292,NChap1_final_00021779,R_salicifolius_00022074,
29208,A2,21822,17393,NChap1_final_00021822,hap1,A2,2308586,2309078,NChap1_final_00021822,R_salicifolius_00022113,
29211,A2,21824,17392,NChap1_final_00021824,hap1,A2,2337348,2338905,NChap1_final_00021824,R_salicifolius_00022115,
29309,A2,21907,17396,NChap1_final_00021907,hap1,A2,3254580,3255123,NChap1_final_00021907,R_salicifolius_00010686,
29367,A2,21957,17398,NChap1_final_00021957,hap1,A2,3942675,3944358,NChap1_final_00021957,R_salicifolius_00010631,
29522,A2,22091,17401,NChap1_final_00022091,hap1,A2,5997572,6000843,NChap1_final_00022091,R_salicifolius_00008900,
29545,A2,22112,17403,NChap1_final_00022112,hap1,A2,6268327,6270590,NChap1_final_00022112,R_salicifolius_00008975,
29547,A2,22113,17404,NChap1_final_00022113,hap1,A2,6271151,6274104,NChap1_final_00022113,R_salicifolius_00008974,
29601,A2,22150,17405,NChap1_final_00022150,hap1,A2,6746633,6749199,NChap1_final_00022150,R_salicifolius_00008942,
29641,A2,22177,17407,NChap1_final_00022177,hap1,A2,7199879,7203043,NChap1_final_00022177,R_salicifolius_00008994,
29646,A2,22179,17408,NChap1_final_00022179,hap1,A2,7292303,7293625,NChap1_final_00022179,R_salicifolius_00008999,
29671,A2,22201,17410,NChap1_final_00022201,hap1,A2,7572913,7574065,NChap1_final_00022201,R_salicifolius_00009009,
29677,A2,22203,17409,NChap1_final_00022203,hap1,A2,7643923,7646147,NChap1_final_00022203,R_salicifolius_00009013,
29736,A2,22248,17411,NChap1_final_00022248,hap1,A2,8422328,8423438,NChap1_final_00022248,R_salicifolius_00009044,
29761,A2,22271,17412,NChap1_final_00022271,hap1,A2,8811493,8812442,NChap1_final_00022271,R_salicifolius_00009058,
29834,A2,22336,17413,NChap1_final_00022336,hap1,A2,10254720,10256548,NChap1_final_00022336,R_salicifolius_00010556,
29870,A2,22362,17414,NChap1_final_00022362,hap1,A2,10604129,10609257,NChap1_final_00022362,R_salicifolius_00010523,
29902,A2,22385,17416,NChap1_final_00022385,hap1,A2,10874294,10875546,NChap1_final_00022385,R_salicifolius_00010506,
29904,A2,22387,17417,NChap1_final_00022387,hap1,A2,10880469,10883637,NChap1_final_00022387,R_salicifolius_00010505,
29911,A2,22394,17418,NChap1_final_00022394,hap1,A2,10946067,10947369,NChap1_final_00022394,R_salicifolius_00010499,
29930,A2,22409,17420,NChap1_final_00022409,hap1,A2,11189332,11190023,NChap1_final_00022409,R_salicifolius_00010486,
29954,A2,22428,17419,NChap1_final_00022428,hap1,A2,11377071,11378302,NChap1_final_00022428,R_salicifolius_00010478,
29964,A2,22435,17421,NChap1_final_00022435,hap1,A2,11537881,11540041,NChap1_final_00022435,R_salicifolius_00010473,
29965,A2,22436,17422,NChap1_final_00022436,hap1,A2,11541827,11543955,NChap1_final_00022436,R_salicifolius_00010472,
29982,A2,22451,17424,NChap1_final_00022451,hap1,A2,11659977,11661798,NChap1_final_00022451,R_salicifolius_00010462,
30079,A2,22524,17427,NChap1_final_00022524,hap1,A2,12860434,12862689,NChap1_final_00022524,R_salicifolius_00010407,
30237,A2,22649,17428,NChap1_final_00022649,hap1,A2,15573711,15578115,NChap1_final_00022649,R_salicifolius_00008577,
30264,A2,22672,17429,NChap1_final_00022672,hap1,A2,16007463,16009791,NChap1_final_00022672,R_salicifolius_00010240,
30292,A2,22695,17430,NChap1_final_00022695,hap1,A2,16566987,16568734,NChap1_final_00022695,R_salicifolius_00010249,
30315,A2,22708,17431,NChap1_final_00022708,hap1,A2,16847046,16849251,NChap1_final_00022708,R_salicifolius_00010257,
30401,A2,22773,17432,NChap1_final_00022773,hap1,A2,18312383,18434939,NChap1_final_00022773,R_salicifolius_00010314,
30462,A2,22826,17434,NChap1_final_00022826,hap1,A2,19861240,19866338,NChap1_final_00022826,R_salicifolius_00008749,
30567,A2,22909,17439,NChap1_final_00022909,hap1,A2,22226466,22228273,NChap1_final_00022909,R_salicifolius_00008531,
30578,A2,22915,17437,NChap1_final_00022915,hap1,A2,22336500,22344703,NChap1_final_00022915,R_salicifolius_00008522,
30587,A2,22922,17440,NChap1_final_00022922,hap1,A2,22614265,22630834,NChap1_final_00022922,R_salicifolius_00008519,
30688,A2,22994,17443,NChap1_final_00022994,hap1,A2,24328770,24331181,NChap1_final_00022994,R_salicifolius_00008716,
30692,A2,22997,17445,NChap1_final_00022997,hap1,A2,24352651,24353301,NChap1_final_00022997,R_salicifolius_00008712,
30714,A2,23017,17446,NChap1_final_00023017,hap1,A2,24562261,24562927,NChap1_final_00023017,R_salicifolius_00008698,
30751,A2,23051,17451,NChap1_final_00023051,hap1,A2,24933453,24934638,NChap1_final_00023051,R_salicifolius_00008680,
30906,A2,23176,17453,NChap1_final_00023176,hap1,A2,27618748,27619842,NChap1_final_00023176,R_salicifolius_00022163,
30919,A2,23186,17454,NChap1_final_00023186,hap1,A2,27772405,27774031,NChap1_final_00023186,R_salicifolius_00022157,
30948,A2,23213,17456,NChap1_final_00023213,hap1,A2,28203450,28205214,NChap1_final_00023213,R_salicifolius_00022172,
31002,A2,23256,17463,NChap1_final_00023256,hap1,A2,28950353,28952473,NChap1_final_00023256,R_salicifolius_00022211,
31007,A2,23261,17459,NChap1_final_00023261,hap1,A2,28985966,28991848,NChap1_final_00023261,R_salicifolius_00008450,
31064,A2,23301,17465,NChap1_final_00023301,hap1,A2,29744210,29746073,NChap1_final_00023301,R_salicifolius_00008480,
31094,A2,23325,17460,NChap1_final_00023325,hap1,A2,30034053,30041311,NChap1_final_00023325,R_salicifolius_00008495,
31123,A2,23343,17464,NChap1_final_00023343,hap1,A2,30605366,30607040,NChap1_final_00023343,R_salicifolius_00009088,
31229,A2,23432,17467,NChap1_final_00023432,hap1,A2,33387874,33389553,NChap1_final_00023432,R_salicifolius_00010208,
31266,A2,23467,17468,NChap1_final_00023467,hap1,A2,34281784,34283193,NChap1_final_00023467,R_salicifolius_00010197,
31366,A2,23546,17469,NChap1_final_00023546,hap1,A2,36894501,36897548,NChap1_final_00023546,R_salicifolius_00010157,
31442,A2,23603,17471,NChap1_final_00023603,hap1,A2,38705781,38710007,NChap1_final_00023603,R_salicifolius_00010138,
31556,A2,23682,17475,NChap1_final_00023682,hap1,A2,41971100,41971766,NChap1_final_00023682,R_salicifolius_00010071,
31566,A2,23695,17476,NChap1_final_00023695,hap1,A2,42200055,42203506,NChap1_final_00023695,R_salicifolius_00010067,
31632,A2,23747,17479,NChap1_final_00023747,hap1,A2,43617249,43624637,NChap1_final_00023747,R_salicifolius_00010025,
31801,A2,23885,17481,NChap1_final_00023885,hap1,A2,49016306,49065665,NChap1_final_00023885,R_salicifolius_00009956,
31838,A2,23916,17484,NChap1_final_00023916,hap1,A2,50199967,50201889,NChap1_final_00023916,R_salicifolius_00009939,
31940,A2,23998,17486,NChap1_final_00023998,hap1,A2,52991732,52994842,NChap1_final_00023998,R_salicifolius_00009897,
32060,A2,24083,17492,NChap1_final_00024083,hap1,A2,56212738,56215327,NChap1_final_00024083,R_salicifolius_00009808,
32066,A2,24088,17489,NChap1_final_00024088,hap1,A2,56334940,56343271,NChap1_final_00024088,R_salicifolius_00009812,
32075,A2,24095,17491,NChap1_final_00024095,hap1,A2,56745889,56753237,NChap1_final_00024095,R_salicifolius_00009817,
32252,A2,24215,17494,NChap1_final_00024215,hap1,A2,66459204,66461152,NChap1_final_00024215,R_salicifolius_00012522,
32295,A2,24243,17495,NChap1_final_00024243,hap1,A2,69603037,69608553,NChap1_final_00024243,R_salicifolius_00012509,
32373,A2,24299,17499,NChap1_final_00024299,hap1,A2,74310066,74311192,NChap1_final_00024299,R_salicifolius_00012595,
32479,A2,24379,17501,NChap1_final_00024379,hap1,A2,80060339,80061932,NChap1_final_00024379,R_salicifolius_00012635,
32553,A2,24437,17504,NChap1_final_00024437,hap1,A2,83224325,83225966,NChap1_final_00024437,R_salicifolius_00012655,
32683,A2,24537,17510,NChap1_final_00024537,hap1,A2,91558905,91561169,NChap1_final_00024537,R_salicifolius_00012700,
32913,A2,24721,17520,NChap1_final_00024721,hap1,A2,102596160,102598882,NChap1_final_00024721,R_salicifolius_00012754,
33124,A2,24882,17525,NChap1_final_00024882,hap1,A2,113099532,113100702,NChap1_final_00024882,R_salicifolius_00012816,
33292,A2,25004,17530,NChap1_final_00025004,hap1,A2,125374890,125376089,NChap1_final_00025004,R_salicifolius_00012850,
33295,A2,25005,17529,NChap1_final_00025005,hap1,A2,125379789,125380226,NChap1_final_00025005,R_salicifolius_00012852,
33516,A2,25181,17537,NChap1_final_00025181,hap1,A2,136222384,136223460,NChap1_final_00025181,R_salicifolius_00012931,
33786,A2,25387,17545,NChap1_final_00025387,hap1,A2,146037238,146039620,NChap1_final_00025387,R_salicifolius_00013003,
33939,A2,25510,17547,NChap1_final_00025510,hap1,A2,150994820,150999223,NChap1_final_00025510,R_salicifolius_00013070,
33977,A2,25550,17553,NChap1_final_00025550,hap1,A2,151881386,151883477,NChap1_final_00025550,R_salicifolius_00013076,
34056,A2,25606,17557,NChap1_final_00025606,hap1,A2,154340969,154343614,NChap1_final_00025606,R_salicifolius_00013097,
34078,A2,25625,17555,NChap1_final_00025625,hap1,A2,154718565,154722956,NChap1_final_00025625,R_salicifolius_00013109,
34097,A2,25639,17559,NChap1_final_00025639,hap1,A2,155104708,155105383,NChap1_final_00025639,R_salicifolius_00013118,
34200,A2,25731,17568,NChap1_final_00025731,hap1,A2,157983263,157985465,NChap1_final_00025731,R_salicifolius_00013159,
34201,A2,25732,17566,NChap1_final_00025732,hap1,A2,157989551,157992530,NChap1_final_00025732,R_salicifolius_00013160,
34202,A2,25733,17567,NChap1_final_00025733,hap1,A2,157992926,157994972,NChap1_final_00025733,R_salicifolius_00013162,
34212,A2,25744,17564,NChap1_final_00025744,hap1,A2,158339548,158341013,NChap1_final_00025744,R_salicifolius_00013168,
34213,A2,25745,17565,NChap1_final_00025745,hap1,A2,158343354,158346618,NChap1_final_00025745,R_salicifolius_00013169,
34234,A2,25771,17569,NChap1_final_00025771,hap1,A2,159686731,159688266,NChap1_final_00025771,R_salicifolius_00013170,
34320,A2,25840,17581,NChap1_final_00025840,hap1,A2,162725649,162734206,NChap1_final_00025840,R_salicifolius_00005985,
34346,A2,25862,17573,NChap1_final_00025862,hap1,A2,163244595,163250782,NChap1_final_00025862,R_salicifolius_00005361,
34364,A2,25876,17586,NChap1_final_00025876,hap1,A2,163564924,163569612,NChap1_final_00025876,R_salicifolius_00005351,
34376,A2,25884,17572,NChap1_final_00025884,hap1,A2,163863894,163864476,NChap1_final_00025884,R_salicifolius_00005340,
34538,A2,26014,17584,NChap1_final_00026014,hap1,A2,169567879,169570148,NChap1_final_00026014,R_salicifolius_00005843,
34561,A2,26026,17583,NChap1_final_00026026,hap1,A2,170295404,170296749,NChap1_final_00026026,R_salicifolius_00005853,
34748,A2,26174,17593,NChap1_final_00026174,hap1,A2,178995127,178997345,NChap1_final_00026174,R_salicifolius_00005912,
34992,A2,26354,17599,NChap1_final_00026354,hap1,A2,190077290,190079124,NChap1_final_00026354,R_salicifolius_00005619,
35092,A2,26416,17602,NChap1_final_00026416,hap1,A2,193196554,193198033,NChap1_final_00026416,R_salicifolius_00005678,
35153,A2,26459,17605,NChap1_final_00026459,hap1,A2,194744914,194747400,NChap1_final_00026459,R_salicifolius_00005552,
35161,A2,26465,17604,NChap1_final_00026465,hap1,A2,194973875,194977310,NChap1_final_00026465,R_salicifolius_00005544,
35187,A2,26485,17603,NChap1_final_00026485,hap1,A2,196036835,196037536,NChap1_final_00026485,R_salicifolius_00005419,
35248,A2,26522,17607,NChap1_final_00026522,hap1,A2,198617652,198621530,NChap1_final_00026522,R_salicifolius_00005445,
35358,A2,26603,17608,NChap1_final_00026603,hap1,A2,202169072,202169652,NChap1_final_00026603,R_salicifolius_00005482,
35461,A2,26683,17610,NChap1_final_00026683,hap1,A2,205416299,205417539,NChap1_final_00026683,R_salicifolius_00005523,
35471,A2,26691,17616,NChap1_final_00026691,hap1,A2,205640480,205641944,NChap1_final_00026691,R_salicifolius_00005532,
35594,A2,26799,17618,NChap1_final_00026799,hap1,A2,209019840,209021870,NChap1_final_00026799,R_salicifolius_00005807,
35637,A2,26834,17619,NChap1_final_00026834,hap1,A2,210857115,210860241,NChap1_final_00026834,R_salicifolius_00005793,
35752,A2,26916,17623,NChap1_final_00026916,hap1,A2,217014147,217017183,NChap1_final_00026916,R_salicifolius_00004461,
36197,A2,27189,17633,NChap1_final_00027189,hap1,A2,231850927,231855045,NChap1_final_00027189,R_salicifolius_00004867,
36233,A2,27216,17631,NChap1_final_00027216,hap1,A2,232665791,232667107,NChap1_final_00027216,R_salicifolius_00004895,
37174,A2,27864,17657,NChap1_final_00027864,hap1,A2,259422355,259424654,NChap1_final_00027864,R_salicifolius_00002696,
37216,A2,27905,17663,NChap1_final_00027905,hap1,A2,260707648,260709935,NChap1_final_00027905,R_salicifolius_00010766,
37249,A2,27926,17661,NChap1_final_00027926,hap1,A2,261172709,261174119,NChap1_final_00027926,R_salicifolius_00010787,
37295,A2,27952,17668,NChap1_final_00027952,hap1,A2,261848527,261851377,NChap1_final_00027952,R_salicifolius_00010816,
37303,A2,27956,17669,NChap1_final_00027956,hap1,A2,261883187,261884279,NChap1_final_00027956,R_salicifolius_00010822,
37521,A2,28116,17672,NChap1_final_00028116,hap1,A2,265111513,265120199,NChap1_final_00028116,R_salicifolius_00003426,
37576,A2,28165,17673,NChap1_final_00028165,hap1,A2,266307701,266309155,NChap1_final_00028165,R_salicifolius_00002226,
37711,A2,28260,17675,NChap1_final_00028260,hap1,A2,268008739,268009024,NChap1_final_00028260,R_salicifolius_00002310,
37863,A2,28365,17677,NChap1_final_00028365,hap1,A2,270327767,270329052,NChap1_final_00028365,R_salicifolius_00002398,
38066,A2,28482,17680,NChap1_final_00028482,hap1,A2,272241594,272246312,NChap1_final_00028482,R_salicifolius_00002065,
38315,A2,28664,17687,NChap1_final_00028664,hap1,A2,275493453,275494785,NChap1_final_00028664,R_salicifolius_00005178,
38339,A2,28673,17694,NChap1_final_00028673,hap1,A2,275642932,275645139,NChap1_final_00028673,R_salicifolius_00005182,
38349,A2,28675,17695,NChap1_final_00028675,hap1,A2,275649717,275660789,NChap1_final_00028675,R_salicifolius_00005160,
38381,A2,28696,17691,NChap1_final_00028696,hap1,A2,276466900,276469906,NChap1_final_00028696,R_salicifolius_00005217,
38384,A2,28698,17692,NChap1_final_00028698,hap1,A2,276478619,276484515,NChap1_final_00028698,R_salicifolius_00005211,
38421,A2,28719,17690,NChap1_final_00028719,hap1,A2,276962799,276965714,NChap1_final_00028719,R_salicifolius_00005032,
38449,A2,28739,17698,NChap1_final_00028739,hap1,A2,277318624,277322449,NChap1_final_00028739,R_salicifolius_00005010,
38771,A2,28980,17703,NChap1_final_00028980,hap1,A2,282640660,282641385,NChap1_final_00028980,R_salicifolius_00012381,
38794,A2,29001,17707,NChap1_final_00029001,hap1,A2,283014233,283017004,NChap1_final_00029001,R_salicifolius_00012386,
39003,A2,29147,17718,NChap1_final_00029147,hap1,A2,286473665,286474143,NChap1_final_00029147,R_salicifolius_00012055,
39016,A2,29159,17717,NChap1_final_00029159,hap1,A2,286867186,286870484,NChap1_final_00029159,R_salicifolius_00012404,
39031,A2,29176,17720,NChap1_final_00029176,hap1,A2,287295453,287297395,NChap1_final_00029176,R_salicifolius_00012398,
39079,A2,29212,17721,NChap1_final_00029212,hap1,A2,288295509,288298098,NChap1_final_00029212,R_salicifolius_00013674,
39245,A2,29328,17724,NChap1_final_00029328,hap1,A2,291579262,291580801,NChap1_final_00029328,R_salicifolius_00013776,
39350,A2,29403,17729,NChap1_final_00029403,hap1,A2,293923837,293925090,NChap1_final_00029403,R_salicifolius_00012009,
39392,A2,29436,17731,NChap1_final_00029436,hap1,A2,294773529,294774399,NChap1_final_00029436,R_salicifolius_00011902,
39485,A2,29507,17740,NChap1_final_00029507,hap1,A2,297858106,297865702,NChap1_final_00029507,R_salicifolius_00003437,
39558,A2,29557,17736,NChap1_final_00029557,hap1,A2,299585498,299586877,NChap1_final_00029557,R_salicifolius_00003469,
39665,A2,29635,17742,NChap1_final_00029635,hap1,A2,302071346,302072011,NChap1_final_00029635,R_salicifolius_00002644,
39671,A2,29638,17743,NChap1_final_00029638,hap1,A2,302164368,302169449,NChap1_final_00029638,R_salicifolius_00002648,
39779,A2,29709,17757,NChap1_final_00029709,hap1,A2,303964153,303966381,NChap1_final_00029709,R_salicifolius_00011279,
39835,A2,29748,17753,NChap1_final_00029748,hap1,A2,304563540,304564920,NChap1_final_00029748,R_salicifolius_00011319,
39990,A2,29865,17758,NChap1_final_00029865,hap1,A2,306781483,306800491,NChap1_final_00029865,R_salicifolius_00011422,
40007,A2,29882,17760,NChap1_final_00029882,hap1,A2,307333010,307334643,NChap1_final_00029882,R_salicifolius_00011726,
40008,A2,29883,17761,NChap1_final_00029883,hap1,A2,307344747,307347880,NChap1_final_00029883,R_salicifolius_00011727,
40023,A2,29896,17762,NChap1_final_00029896,hap1,A2,307603375,307607513,NChap1_final_00029896,R_salicifolius_00011741,
40039,A2,29911,17767,NChap1_final_00029911,hap1,A2,307910449,307912650,NChap1_final_00029911,R_salicifolius_00011712,
40100,A2,29948,17765,NChap1_final_00029948,hap1,A2,308391306,308392162,NChap1_final_00029948,R_salicifolius_00011638,
40130,A2,29968,17764,NChap1_final_00029968,hap1,A2,308788637,308790777,NChap1_final_00029968,R_salicifolius_00011623,
40158,A2,29987,17769,NChap1_final_00029987,hap1,A2,309282664,309283216,NChap1_final_00029987,R_salicifolius_00011607,
40166,A2,29994,17772,NChap1_final_00029994,hap1,A2,309402824,309404994,NChap1_final_00029994,R_salicifolius_00011569,
40200,A2,30024,17775,NChap1_final_00030024,hap1,A2,309925251,309926896,NChap1_final_00030024,R_salicifolius_00011589,
40321,A2,30108,17781,NChap1_final_00030108,hap1,A2,311518410,311520913,NChap1_final_00030108,R_salicifolius_00011504,
40327,A2,30113,17782,NChap1_final_00030113,hap1,A2,311536433,311538904,NChap1_final_00030113,R_salicifolius_00011501,
40398,A2,30156,17787,NChap1_final_00030156,hap1,A2,312150440,312151976,NChap1_final_00030156,R_salicifolius_00011464,
40416,A2,30169,17777,NChap1_final_00030169,hap1,A2,312361530,312365616,NChap1_final_00030169,R_salicifolius_00011452,
40451,A2,30191,17785,NChap1_final_00030191,hap1,A2,312843007,312851967,NChap1_final_00030191,R_salicifolius_00011437,
40478,A2,30210,17790,NChap1_final_00030210,hap1,A2,313020953,313024084,NChap1_final_00030210,R_salicifolius_00011750,
40492,A2,30218,17789,NChap1_final_00030218,hap1,A2,313138624,313145316,NChap1_final_00030218,R_salicifolius_00011757,
40863,A2,30482,17797,NChap1_final_00030482,hap1,A2,317129447,317130135,NChap1_final_00030482,R_salicifolius_00011053,
41000,A2,30586,17800,NChap1_final_00030586,hap1,A2,318332110,318332912,NChap1_final_00030586,R_salicifolius_00011151,
41021,A2,30602,17808,NChap1_final_00030602,hap1,A2,318596245,318598524,NChap1_final_00030602,R_salicifolius_00011165,
41031,A2,30608,17798,NChap1_final_00030608,hap1,A2,318697416,318699844,NChap1_final_00030608,R_salicifolius_00011172,
41062,A2,30629,17810,NChap1_final_00030629,hap1,A2,318946945,318948630,NChap1_final_00030629,R_salicifolius_00011197,
41084,A2,30648,17807,NChap1_final_00030648,hap1,A2,319066431,319068108,NChap1_final_00030648,R_salicifolius_00011211,
41116,A2,30672,17809,NChap1_final_00030672,hap1,A2,319415716,319418302,NChap1_final_00030672,R_salicifolius_00011235,
41141,A2,30691,17811,NChap1_final_00030691,hap1,A2,319720115,319721673,NChap1_final_00030691,R_salicifolius_00011249,
41147,A2,30697,17813,NChap1_final_00030697,hap1,A2,319757302,319757811,NChap1_final_00030697,R_salicifolius_00011253,
41189,A4,30738,16953,NChap1_final_00030738,hap1,A4,688254,692361,NChap1_final_00030738,R_salicifolius_00014298,
41211,A4,30758,16954,NChap1_final_00030758,hap1,A4,906063,908177,NChap1_final_00030758,R_salicifolius_00014290,
41262,A4,30798,16957,NChap1_final_00030798,hap1,A4,1330452,1331760,NChap1_final_00030798,R_salicifolius_00013992,
41305,A4,30830,16962,NChap1_final_00030830,hap1,A4,1624824,1628275,NChap1_final_00030830,R_salicifolius_00014020,
41325,A4,30848,16959,NChap1_final_00030848,hap1,A4,1742119,1745387,NChap1_final_00030848,R_salicifolius_00014031,
41342,A4,30865,16958,NChap1_final_00030865,hap1,A4,1862749,1865825,NChap1_final_00030865,R_salicifolius_00014042,
41362,A4,30883,16965,NChap1_final_00030883,hap1,A4,2028664,2031601,NChap1_final_00030883,R_salicifolius_00014056,
41363,A4,30884,16966,NChap1_final_00030884,hap1,A4,2031663,2032976,NChap1_final_00030884,R_salicifolius_00014057,
41400,A4,30916,16961,NChap1_final_00030916,hap1,A4,2370797,2373604,NChap1_final_00030916,R_salicifolius_00014518,
41440,A4,30945,16963,NChap1_final_00030945,hap1,A4,2751510,2753618,NChap1_final_00030945,R_salicifolius_00014488,
41515,A4,31004,16964,NChap1_final_00031004,hap1,A4,3511718,3514968,NChap1_final_00031004,R_salicifolius_00014445,
41526,A4,31014,16967,NChap1_final_00031014,hap1,A4,3631406,3633754,NChap1_final_00031014,R_salicifolius_00014438,
41555,A4,31039,16970,NChap1_final_00031039,hap1,A4,4023281,4027638,NChap1_final_00031039,R_salicifolius_00014421,
41629,A4,31099,16973,NChap1_final_00031099,hap1,A4,4697315,4700518,NChap1_final_00031099,R_salicifolius_00014374,
41640,A4,31108,16971,NChap1_final_00031108,hap1,A4,4776234,4794287,NChap1_final_00031108,R_salicifolius_00014371,
41681,A4,31142,16972,NChap1_final_00031142,hap1,A4,5154926,5165839,NChap1_final_00031142,R_salicifolius_00014587,
41726,A4,31185,16975,NChap1_final_00031185,hap1,A4,5746837,5747920,NChap1_final_00031185,R_salicifolius_00014562,
41771,A4,31223,16974,NChap1_final_00031223,hap1,A4,6252850,6255338,NChap1_final_00031223,R_salicifolius_00014536,
41793,A4,31237,16976,NChap1_final_00031237,hap1,A4,6443261,6449493,NChap1_final_00031237,R_salicifolius_00014527,
41897,A4,31319,16987,NChap1_final_00031319,hap1,A4,7354706,7356497,NChap1_final_00031319,R_salicifolius_00015457,
41928,A4,31341,16979,NChap1_final_00031341,hap1,A4,7654393,7656726,NChap1_final_00031341,R_salicifolius_00015437,
41931,A4,31343,16980,NChap1_final_00031343,hap1,A4,7671867,7672511,NChap1_final_00031343,R_salicifolius_00015435,
41979,A4,31388,16988,NChap1_final_00031388,hap1,A4,8279738,8282387,NChap1_final_00031388,R_salicifolius_00015274,
41981,A4,31389,16989,NChap1_final_00031389,hap1,A4,8282936,8284937,NChap1_final_00031389,R_salicifolius_00015275,
41991,A4,31398,16984,NChap1_final_00031398,hap1,A4,8336210,8337297,NChap1_final_00031398,R_salicifolius_00015283,
42007,A4,31411,16994,NChap1_final_00031411,hap1,A4,8524666,8527338,NChap1_final_00031411,R_salicifolius_00014896,
42008,A4,31412,16995,NChap1_final_00031412,hap1,A4,8527148,8531633,NChap1_final_00031412,R_salicifolius_00014895,
42087,A4,31476,16996,NChap1_final_00031476,hap1,A4,9230846,9232089,NChap1_final_00031476,R_salicifolius_00015067,
42113,A4,31497,16997,NChap1_final_00031497,hap1,A4,9572135,9575351,NChap1_final_00031497,R_salicifolius_00015050,
42119,A4,31502,17000,NChap1_final_00031502,hap1,A4,9609436,9611761,NChap1_final_00031502,R_salicifolius_00015047,
42122,A4,31504,17001,NChap1_final_00031504,hap1,A4,9614011,9618163,NChap1_final_00031504,R_salicifolius_00015046,
42143,A4,31521,16999,NChap1_final_00031521,hap1,A4,9818600,9819137,NChap1_final_00031521,R_salicifolius_00015035,
42181,A4,31552,17002,NChap1_final_00031552,hap1,A4,10296251,10299398,NChap1_final_00031552,R_salicifolius_00015015,
42199,A4,31565,17003,NChap1_final_00031565,hap1,A4,10444822,10448004,NChap1_final_00031565,R_salicifolius_00015008,
42292,A4,31641,17004,NChap1_final_00031641,hap1,A4,11444521,11445230,NChap1_final_00031641,R_salicifolius_00014944,
42507,A4,31802,17007,NChap1_final_00031802,hap1,A4,13988597,13989066,NChap1_final_00031802,R_salicifolius_00014659,
42510,A4,31805,17006,NChap1_final_00031805,hap1,A4,14000216,14023140,NChap1_final_00031805,R_salicifolius_00014662,
42562,A4,31854,17011,NChap1_final_00031854,hap1,A4,14759407,14762556,NChap1_final_00031854,R_salicifolius_00014688,
42569,A4,31861,17009,NChap1_final_00031861,hap1,A4,14811484,14813150,NChap1_final_00031861,R_salicifolius_00014693,
42747,A4,31995,17014,NChap1_final_00031995,hap1,A4,17425315,17427132,NChap1_final_00031995,R_salicifolius_00014769,
42766,A4,32011,17016,NChap1_final_00032011,hap1,A4,17680654,17683358,NChap1_final_00032011,R_salicifolius_00014782,
42775,A4,32019,17015,NChap1_final_00032019,hap1,A4,17837185,17837854,NChap1_final_00032019,R_salicifolius_00014787,
42779,A4,32023,17018,NChap1_final_00032023,hap1,A4,17891092,17892507,NChap1_final_00032023,R_salicifolius_00014790,
42781,A4,32025,17019,NChap1_final_00032025,hap1,A4,17914824,17916347,NChap1_final_00032025,R_salicifolius_00014793,
42828,A4,32062,17017,NChap1_final_00032062,hap1,A4,18891578,18894910,NChap1_final_00032062,R_salicifolius_00014817,
42885,A4,32111,17020,NChap1_final_00032111,hap1,A4,19679169,19679748,NChap1_final_00032111,R_salicifolius_00014842,
42899,A4,32123,17024,NChap1_final_00032123,hap1,A4,19794822,19796572,NChap1_final_00032123,R_salicifolius_00014850,
42982,A4,32191,17025,NChap1_final_00032191,hap1,A4,20845914,20848280,NChap1_final_00032191,R_salicifolius_00014248,
43039,A4,32235,17029,NChap1_final_00032235,hap1,A4,21667494,21671655,NChap1_final_00032235,R_salicifolius_00014211,
43062,A4,32255,17027,NChap1_final_00032255,hap1,A4,22132348,22134815,NChap1_final_00032255,R_salicifolius_00014197,
43118,A4,32306,17030,NChap1_final_00032306,hap1,A4,22921894,22923286,NChap1_final_00032306,R_salicifolius_00014170,
43170,A4,32343,17031,NChap1_final_00032343,hap1,A4,23742918,23745410,NChap1_final_00032343,R_salicifolius_00014135,
43201,A4,32367,17032,NChap1_final_00032367,hap1,A4,24419289,24420598,NChap1_final_00032367,R_salicifolius_00000626,
43204,A4,32370,17033,NChap1_final_00032370,hap1,A4,24477627,24478340,NChap1_final_00032370,R_salicifolius_00000623,
43219,A4,32383,17034,NChap1_final_00032383,hap1,A4,24675250,24677285,NChap1_final_00032383,R_salicifolius_00000614,
43232,A4,32394,17035,NChap1_final_00032394,hap1,A4,24853232,24857146,NChap1_final_00032394,R_salicifolius_00000605,
43274,A4,32426,17039,NChap1_final_00032426,hap1,A4,25925787,25934129,NChap1_final_00032426,R_salicifolius_00000584,
43441,A4,32567,17041,NChap1_final_00032567,hap1,A4,29368898,29369249,NChap1_final_00032567,R_salicifolius_00000742,
43471,A4,32592,17040,NChap1_final_00032592,hap1,A4,29694056,29695433,NChap1_final_00032592,R_salicifolius_00000729,
43554,A4,32658,17048,NChap1_final_00032658,hap1,A4,31163750,31165377,NChap1_final_00032658,R_salicifolius_00000069,
43556,A4,32659,17049,NChap1_final_00032659,hap1,A4,31165812,31167886,NChap1_final_00032659,R_salicifolius_00000070,
43561,A4,32664,17043,NChap1_final_00032664,hap1,A4,31309436,31310558,NChap1_final_00032664,R_salicifolius_00000073,
43563,A4,32665,17044,NChap1_final_00032665,hap1,A4,31311171,31315607,NChap1_final_00032665,R_salicifolius_00000074,
43573,A4,32674,17046,NChap1_final_00032674,hap1,A4,31478647,31480992,NChap1_final_00032674,R_salicifolius_00000082,
43580,A4,32680,17045,NChap1_final_00032680,hap1,A4,31570290,31575670,NChap1_final_00032680,R_salicifolius_00000086,
43695,A4,32769,17051,NChap1_final_00032769,hap1,A4,33252285,33254252,NChap1_final_00032769,R_salicifolius_00000151,
43771,A4,32834,17052,NChap1_final_00032834,hap1,A4,34465845,34472671,NChap1_final_00032834,R_salicifolius_00000194,
43871,A4,32911,17054,NChap1_final_00032911,hap1,A4,36052869,36054728,NChap1_final_00032911,R_salicifolius_00000253,
44020,A4,33034,17055,NChap1_final_00033034,hap1,A4,38742722,38744708,NChap1_final_00033034,R_salicifolius_00000806,
44035,A4,33044,17058,NChap1_final_00033044,hap1,A4,39281716,39282938,NChap1_final_00033044,R_salicifolius_00000821,
44062,A4,33064,17056,NChap1_final_00033064,hap1,A4,39948752,39949543,NChap1_final_00033064,R_salicifolius_00000835,
44132,A4,33116,17063,NChap1_final_00033116,hap1,A4,41511537,41517348,NChap1_final_00033116,R_salicifolius_00000867,
44160,A4,33135,17064,NChap1_final_00033135,hap1,A4,42195523,42196159,NChap1_final_00033135,R_salicifolius_00000888,
44209,A4,33177,17066,NChap1_final_00033177,hap1,A4,44322852,44326698,NChap1_final_00033177,R_salicifolius_00000911,
44214,A4,33180,17067,NChap1_final_00033180,hap1,A4,44446224,44450464,NChap1_final_00033180,R_salicifolius_00000914,
44330,A4,33288,17070,NChap1_final_00033288,hap1,A4,47993172,47996008,NChap1_final_00033288,R_salicifolius_00000965,
44370,A4,33329,17069,NChap1_final_00033329,hap1,A4,48956809,48959695,NChap1_final_00033329,R_salicifolius_00000986,
44392,A4,33351,17071,NChap1_final_00033351,hap1,A4,49563619,49564520,NChap1_final_00033351,R_salicifolius_00000345,
44393,A4,33352,17072,NChap1_final_00033352,hap1,A4,49564870,49566941,NChap1_final_00033352,R_salicifolius_00000346,
44832,A4,33648,17074,NChap1_final_00033648,hap1,A4,59976638,59978666,NChap1_final_00033648,R_salicifolius_00001619,
45329,A4,33912.0454545455,17691,NChap1_final_00028696,hap1,A2,276466900,276469906,NChap1_final_00028696,R_salicifolius_00005217,
45383,A4,33944,17077,NChap1_final_00033944,hap1,A4,79722916,79724312,NChap1_final_00033944,R_salicifolius_00005744,
45472,A4,34013,17078,NChap1_final_00034013,hap1,A4,83921336,83986610,NChap1_final_00034013,R_salicifolius_00002903,
45512,A4,34047,17079,NChap1_final_00034047,hap1,A4,86502888,86525022,NChap1_final_00034047,R_salicifolius_00002890,
45580,A4,34085,17080,NChap1_final_00034085,hap1,A4,88429704,88432187,NChap1_final_00034085,R_salicifolius_00002853,
45651,A4,34144,17081,NChap1_final_00034144,hap1,A4,93637784,93640753,NChap1_final_00034144,R_salicifolius_00004479,
45838,A4,34265,17084,NChap1_final_00034265,hap1,A4,103396771,103398563,NChap1_final_00034265,R_salicifolius_00002598,
45951,A4,34348,17085,NChap1_final_00034348,hap1,A4,109507443,109509860,NChap1_final_00034348,R_salicifolius_00002566,
46019,A4,34388,17086,NChap1_final_00034388,hap1,A4,113509521,113519148,NChap1_final_00034388,R_salicifolius_00002539,
46122,A4,34468,17089,NChap1_final_00034468,hap1,A4,120088337,120090715,NChap1_final_00034468,R_salicifolius_00002518,
46184,A4,34511,17091,NChap1_final_00034511,hap1,A4,123435445,123437471,NChap1_final_00034511,R_salicifolius_00002497,
46396,A4,34683,17094,NChap1_final_00034683,hap1,A4,132132684,132133994,NChap1_final_00034683,R_salicifolius_00003343,
46516,A4,34778,17096,NChap1_final_00034778,hap1,A4,137206555,137208607,NChap1_final_00034778,R_salicifolius_00003319,
46537,A4,34794,17097,NChap1_final_00034794,hap1,A4,138022303,138023741,NChap1_final_00034794,R_salicifolius_00003299,
46637,A4,34871,17100,NChap1_final_00034871,hap1,A4,142469360,142472624,NChap1_final_00034871,R_salicifolius_00003203,
46644,A4,34877,17101,NChap1_final_00034877,hap1,A4,142505613,142510914,NChap1_final_00034877,R_salicifolius_00003206,
46707,A4,34934,17103,NChap1_final_00034934,hap1,A4,144706235,144708622,NChap1_final_00034934,R_salicifolius_00003232,
46754,A4,34974,17105,NChap1_final_00034974,hap1,A4,146853924,146855660,NChap1_final_00034974,R_salicifolius_00003238,
47009,A4,35206,17107,NChap1_final_00035206,hap1,A4,160475197,160491141,NChap1_final_00035206,R_salicifolius_00003144,
47202,scaffold_5,35350,17824,NChap1_final_00035337,hap1,scaffold_5,225797,226925,NChap1_final_00035337,R_salicifolius_00023405,
47216,scaffold_5,35360,17825,NChap1_final_00035347,hap1,scaffold_5,361979,364655,NChap1_final_00035347|NChap1_final_00000963,R_salicifolius_00023397,
47280,scaffold_12,35422,17822,NChap1_final_00035488,hap1,scaffold_12,394364,395111,NChap1_final_00035488,R_salicifolius_00023915,
