query_id	subject_id	per_identity	aln_length	mismatches	gap_openings	q_start	q_end	s_start	s_end	e-value	bit_score
NChap1_final_00000014	NChap2_final_00025370-RA	99.769	865	2	0	41	905	1	865	0.0	1587
NChap1_final_00000014	NChap2_final_00025370-RA	96.970	66	2	0	1030	1095	860	925	1.04e-23	111
NChap1_final_00000030	NChap2_final_00025363-RA	100.000	172	0	0	1	172	32	203	3.06e-86	318
NChap1_final_00000030	NChap2_final_00025363-RA	100.000	132	0	0	396	527	203	334	5.27e-64	244
NChap1_final_00000040	NChap2_final_00025356-RA	97.944	1070	4	1	392	1461	248	1299	0.0	1838
NChap1_final_00000040	NChap2_final_00025356-RA	97.976	247	5	0	102	348	1	247	3.55e-119	429
NChap1_final_00000059	NChap2_final_00025350-RA	99.801	1005	2	0	22	1026	2852	3856	0.0	1845
NChap1_final_00000158	NChap2_final_00025271-RA	99.567	923	4	0	93	1015	3023	3945	0.0	1683
NChap1_final_00000186	NChap2_final_00025258-RA	98.977	880	0	1	224	1103	270	1140	0.0	1567
NChap1_final_00000186	NChap2_final_00025258-RA	100.000	79	0	0	1	79	194	272	3.67e-34	147
NChap1_final_00000186	NChap2_final_00011901-RA	83.781	968	149	7	421	1384	186	1149	0.0	911
NChap1_final_00000186	NChap2_final_00025257-RA	100.000	367	0	0	1	367	367	1	0.0	678
NChap1_final_00000213	NChap2_final_00025233-RA	98.283	233	4	0	674	906	160	392	4.59e-113	409
NChap1_final_00000213	NChap2_final_00025233-RA	98.160	163	3	0	374	536	1	163	8.06e-76	285
NChap1_final_00000213	NChap2_final_00025233-RA	100.000	72	0	0	1402	1473	390	461	3.09e-30	134
NChap1_final_00000216	NChap2_final_00025230-RA	99.769	867	2	0	3416	4282	2050	2916	0.0	1591
NChap1_final_00000216	NChap2_final_00025230-RA	99.437	710	3	1	554	1263	61	769	0.0	1288
NChap1_final_00000216	NChap2_final_00025230-RA	100.000	649	0	0	1650	2298	767	1415	0.0	1199
NChap1_final_00000216	NChap2_final_00025230-RA	100.000	639	0	0	2597	3235	1414	2052	0.0	1181
NChap1_final_00000216	NChap2_final_00025230-RA	100.000	64	0	0	419	482	1	64	2.52e-25	119
NChap1_final_00000216	NChap2_final_00018009-RA	77.968	1634	344	16	2657	4282	1712	3337	0.0	1009
NChap1_final_00000216	NChap2_final_00021443-RA	76.607	1462	326	14	2811	4264	2147	3600	0.0	791
NChap1_final_00000216	NChap2_final_00025231-RA	100.000	39	0	0	4281	4319	352	314	1.99e-11	73.1
NChap1_final_00000428	NChap2_final_00025084-RA	99.125	457	4	0	558	1014	870	1326	0.0	822
NChap1_final_00000428	NChap2_final_00025084-RA	99.556	225	1	0	1	225	1327	1551	8.85e-114	411
NChap1_final_00000428	NChap2_final_00025084-RA	100.000	202	0	0	123	324	1125	1326	1.16e-102	374
NChap1_final_00000428	NChap2_final_00025084-RA	100.000	124	0	0	1	124	871	994	2.66e-59	230
NChap1_final_00000428	NChap2_final_00025084-RA	98.400	125	2	0	558	682	1326	1450	1.60e-56	220
NChap1_final_00000428	NChap2_final_00025084-RA	99.029	103	1	0	813	915	1449	1551	5.84e-46	185
NChap1_final_00000461	NChap2_final_00025060-RA	99.552	1116	5	0	145	1260	1493	2608	0.0	2034
NChap1_final_00000461	NChap2_final_00025060-RA	99.286	140	1	0	5	144	1280	1419	1.89e-66	254
NChap1_final_00000694	NChap2_final_00024883-RA	99.541	653	3	0	65	717	728	1380	0.0	1190
NChap1_final_00000721	NChap2_final_00024857-RA	99.487	585	2	1	1	585	2011	2594	0.0	1062
NChap1_final_00000751	NChap2_final_00024839-RA	99.303	2727	19	0	1	2727	3	2729	0.0	4931
NChap1_final_00000773	NChap2_final_00024817-RA	99.424	347	2	0	217	563	41	387	7.77e-180	630
NChap1_final_00000773	NChap2_final_00024817-RA	100.000	52	0	0	1219	1270	384	435	3.50e-19	97.1
NChap1_final_00000773	NChap2_final_00024817-RA	100.000	44	0	0	138	181	1	44	9.81e-15	82.4
NChap1_final_00000776	NChap2_final_00024815-RA	99.087	219	2	0	150	368	172	390	3.39e-109	394
NChap1_final_00000776	NChap2_final_00024815-RA	100.000	103	0	0	1	103	75	177	4.77e-48	191
NChap1_final_00000796	NChap2_final_00024803-RA	100.000	1194	0	0	1	1194	2052	3245	0.0	2206
NChap1_final_00000810	NChap2_final_00024792-RA	100.000	2348	0	0	505	2852	3227	5574	0.0	4337
NChap1_final_00000810	NChap2_final_00010500-RA	82.071	396	67	4	604	997	59	452	1.50e-90	335
NChap1_final_00000820	NChap2_final_00024784-RA	100.000	847	0	0	124	970	2073	2919	0.0	1565
NChap1_final_00001030	NChap2_final_00024612-RA	99.485	194	1	0	1	194	77	270	9.09e-97	353
NChap1_final_00001060	NChap2_final_00024589-RA	100.000	1020	0	0	1	1020	2810	3829	0.0	1884
NChap1_final_00001070	NChap2_final_00024580-RA	99.745	1176	3	0	1	1176	2192	3367	0.0	2156
NChap1_final_00001307	NChap2_final_00024425-RA	98.582	141	2	0	326	466	276	416	8.75e-66	250
NChap1_final_00001307	NChap2_final_00024425-RA	100.000	92	0	0	1	92	185	276	7.01e-42	171
NChap1_final_00001418	NChap2_final_00024335-RA	100.000	833	0	0	907	1739	2800	3632	0.0	1539
NChap1_final_00001418	NChap2_final_00024335-RA	99.726	731	2	0	143	873	2069	2799	0.0	1339
NChap1_final_00001554	NChap2_final_00024213-RA	99.910	1109	1	0	493	1601	424	1532	0.0	2043
NChap1_final_00001554	NChap2_final_00024213-RA	98.810	84	1	0	1	84	340	423	3.50e-35	150
NChap1_final_00001554	NChap2_final_00004182-RA	83.073	833	141	0	83	915	1	833	0.0	758
NChap1_final_00001688	NChap2_final_00024092-RA	100.000	266	0	0	1	266	3041	3306	3.36e-138	492
NChap1_final_00001692	NChap2_final_00024089-RA	99.087	219	2	0	160	378	319	537	3.06e-109	394
NChap1_final_00001692	NChap2_final_00024089-RA	100.000	81	0	0	1	81	1	81	7.32e-36	150
NChap1_final_00001692	NChap2_final_00024089-RA	100.000	80	0	0	80	159	150	229	2.63e-35	148
NChap1_final_00001692	NChap2_final_00002267-RA	99.087	219	2	0	160	378	1	219	3.06e-109	394
NChap1_final_00001692	NChap2_final_00028491-RA	86.034	358	48	2	1	357	100	456	6.63e-106	383
NChap1_final_00001696	NChap2_final_00024085-RA	97.143	385	2	1	1	376	1874	2258	0.0	641
NChap1_final_00001696	NChap2_final_00024085-RA	98.800	250	2	1	407	655	2249	2498	5.33e-124	444
NChap1_final_00001800	NChap2_final_00024007-RA	100.000	1035	0	0	1	1035	2346	3380	0.0	1912
NChap1_final_00002020	NChap2_final_00023826-RA	99.424	868	5	0	1	868	33	900	0.0	1576
NChap1_final_00002029	NChap2_final_00023820-RA	98.827	767	7	2	10	774	1	767	0.0	1365
NChap1_final_00002182	NChap2_final_00023697-RA	99.584	721	2	1	1	720	201	921	0.0	1314
NChap1_final_00002182	NChap2_final_00011766-RA	79.113	699	130	13	24	710	125	819	3.58e-131	468
NChap1_final_00002264	NChap2_final_00023585-RA	99.198	2619	21	0	88	2706	2761	5379	0.0	4721
NChap1_final_00002264	NChap2_final_00023585-RA	78.867	2437	476	27	102	2527	210	2618	0.0	1611
NChap1_final_00002264	NChap2_final_00023587-RA	76.817	2463	503	51	102	2542	79	2495	0.0	1323
NChap1_final_00002390	NChap2_final_00011550-RA	100.000	175	0	0	609	783	1	175	1.22e-87	324
NChap1_final_00002390	NChap2_final_00023502-RA	100.000	175	0	0	609	783	1	175	1.22e-87	324
NChap1_final_00002390	NChap2_final_00023502-RA	94.595	37	2	0	950	986	189	225	1.37e-07	58.4
NChap1_final_00002390	NChap2_final_00027031-RA	99.429	175	1	0	609	783	1	175	5.68e-86	318
NChap1_final_00002390	NChap2_final_00012296-RA	83.268	257	43	0	521	777	1	257	1.63e-61	237
NChap1_final_00002425	NChap2_final_00023458-RA	99.045	838	0	1	732	1561	1039	1876	0.0	1496
NChap1_final_00002425	NChap2_final_00023459-RA	99.454	732	4	0	1	732	49	780	0.0	1330
NChap1_final_00002498	NChap2_final_00030758-RA	96.226	53	2	0	1786	1838	980	928	3.74e-16	87.9
NChap1_final_00002498	NChap2_final_00012321-RA	100.000	29	0	0	1798	1826	146	118	3.79e-06	54.7
NChap1_final_00002596	NChap2_final_00023319-RA	99.525	842	4	0	249	1090	1487	2328	0.0	1533
NChap1_final_00002596	NChap2_final_00023319-RA	99.085	328	3	0	1128	1455	2321	2648	1.47e-167	590
NChap1_final_00002596	NChap2_final_00023319-RA	100.000	180	0	0	1	180	1308	1487	2.73e-90	333
NChap1_final_00002618	NChap2_final_00023303-RA	99.860	1432	2	0	1	1432	4000	5431	0.0	2634
NChap1_final_00002826	NChap2_final_00022427-RA	98.806	335	3	1	1029	1362	462	796	4.18e-169	595
NChap1_final_00002826	NChap2_final_00022427-RA	96.764	309	10	0	677	985	153	461	3.35e-145	516
NChap1_final_00002826	NChap2_final_00022427-RA	96.644	149	5	0	442	590	5	153	1.35e-64	248
NChap1_final_00002850	NChap2_final_00019907-RA	100.000	138	0	0	1626	1763	477	340	7.38e-67	255
NChap1_final_00002851	NChap2_final_00003513-RA	95.918	147	5	1	159	305	171	316	1.96e-61	237
NChap1_final_00002851	NChap2_final_00003513-RA	91.525	59	5	0	908	966	308	366	9.70e-15	82.4
NChap1_final_00002851	NChap2_final_00003510-RA	95.918	147	5	1	159	305	171	316	1.96e-61	237
NChap1_final_00002851	NChap2_final_00003510-RA	91.525	59	5	0	908	966	308	366	9.70e-15	82.4
NChap1_final_00002854	NChap2_final_00018773-RA	81.149	2159	399	6	745	2899	927	3081	0.0	1725
NChap1_final_00002854	NChap2_final_00019444-RA	99.561	911	4	0	1854	2764	31	941	0.0	1661
NChap1_final_00002854	NChap2_final_00019444-RA	98.462	130	2	0	2791	2920	941	1070	8.13e-59	230
NChap1_final_00002854	NChap2_final_00019442-RA	98.297	411	7	0	292	702	65	475	0.0	721
NChap1_final_00002898	NChap2_final_00023207-RA	97.288	295	8	0	509	803	1	295	5.94e-141	501
NChap1_final_00002898	NChap2_final_00023207-RA	96.907	97	3	0	931	1027	293	389	3.19e-39	163
NChap1_final_00002898	NChap2_final_00023202-RA	87.500	440	31	8	509	933	1	431	1.66e-136	486
NChap1_final_00002898	NChap2_final_00023201-RA	97.368	228	5	1	281	508	123	349	1.74e-106	387
NChap1_final_00002898	NChap2_final_00023201-RA	94.488	127	7	0	94	220	1	127	3.14e-49	196
NChap1_final_00002966	NChap2_final_00022365-RA	97.847	511	10	1	1572	2082	1332	1841	0.0	881
NChap1_final_00002966	NChap2_final_00022365-RA	97.925	482	9	1	594	1075	1332	1812	0.0	833
NChap1_final_00002966	NChap2_final_00022365-RA	99.129	459	4	0	53	511	874	1332	0.0	826
NChap1_final_00002966	NChap2_final_00022365-RA	99.279	416	3	0	1074	1489	917	1332	0.0	752
NChap1_final_00003190	NChap2_final_00015078-RA	86.441	59	8	0	700	758	436	494	6.78e-10	65.8
NChap1_final_00003244	NChap2_final_00006899-RA	81.395	86	14	2	226	310	265	349	3.99e-11	69.4
NChap1_final_00003288	NChap2_final_00023226-RA	95.822	383	16	0	187	569	1	383	1.34e-176	619
NChap1_final_00003322	NChap2_final_00023240-RA	98.246	342	6	0	43	384	455	114	4.16e-170	599
NChap1_final_00003322	NChap2_final_00023240-RA	97.000	100	3	0	513	612	114	15	1.39e-40	169
NChap1_final_00003352	NChap2_final_00022751-RA	98.771	651	8	0	1	651	602	1252	0.0	1158
NChap1_final_00003353	NChap2_final_00022750-RA	98.606	574	8	0	363	936	1	574	0.0	1016
NChap1_final_00003353	NChap2_final_00022750-RA	94.787	211	6	2	1114	1324	733	938	1.95e-87	324
NChap1_final_00003353	NChap2_final_00022750-RA	96.094	128	5	0	1448	1575	987	1114	5.69e-53	209
NChap1_final_00003353	NChap2_final_00022750-RA	99.029	103	1	0	965	1067	635	737	9.59e-46	185
NChap1_final_00003353	NChap2_final_00022750-RA	94.545	55	3	0	1369	1423	933	987	1.00e-15	86.1
NChap1_final_00003404	NChap2_final_00008473-RA	77.633	693	125	24	134	817	433	1104	2.51e-108	394
NChap1_final_00003404	NChap2_final_00008475-RA	78.810	269	53	4	134	400	2	268	2.75e-43	178
NChap1_final_00003406	NChap2_final_00019494-RA	96.653	239	8	0	581	819	3	241	7.15e-110	398
NChap1_final_00003411	NChap2_final_00010096-RA	80.292	1573	284	19	696	2261	603	2156	0.0	1164
NChap1_final_00003411	NChap2_final_00007212-RA	78.406	1556	311	16	724	2269	271	1811	0.0	989
NChap1_final_00003418	NChap2_final_00010101-RA	83.534	747	118	5	584	1327	745	1489	0.0	693
NChap1_final_00003455	NChap2_final_00010161-RA	75.260	1536	348	23	168	1681	355	1880	0.0	702
NChap1_final_00003471	NChap2_final_00010166-RA	78.125	608	118	10	190	785	1	605	7.68e-102	372
NChap1_final_00003477	NChap2_final_00028691-RA	82.692	2184	376	2	1	2183	63	2245	0.0	1938
NChap1_final_00003477	NChap2_final_00020446-RA	98.618	217	3	0	48	264	1	217	1.63e-105	385
NChap1_final_00003508	NChap2_final_00010195-RA	79.990	1974	374	15	73	2034	3	1967	0.0	1437
NChap1_final_00003508	NChap2_final_00007739-RA	95.000	60	3	0	2492	2551	43	102	2.48e-18	95.3
NChap1_final_00003508	NChap2_final_00028226-RA	95.000	60	3	0	2492	2551	7	66	2.48e-18	95.3
NChap1_final_00003508	NChap2_final_00011361-RA	100.000	49	0	0	2492	2540	662	710	3.20e-17	91.6
NChap1_final_00003508	NChap2_final_00028398-RA	97.619	42	1	0	2491	2532	103	144	1.16e-11	73.1
NChap1_final_00003527	NChap2_final_00019680-RA	97.030	101	3	0	654	754	954	854	1.26e-41	171
NChap1_final_00003641	NChap2_final_00015566-RA	72.009	1747	416	58	1161	2866	897	2611	5.51e-125	449
NChap1_final_00003653	NChap2_final_00022863-RA	98.276	232	2	2	1743	1973	22	252	9.25e-112	405
NChap1_final_00003653	NChap2_final_00022864-RA	97.845	232	3	2	1743	1973	22	252	4.31e-110	399
NChap1_final_00003653	NChap2_final_00001227-RA	92.308	52	4	0	221	272	878	827	2.96e-12	75.0
NChap1_final_00003656	NChap2_final_00016887-RA	83.914	373	60	0	165	537	121	493	1.52e-97	357
NChap1_final_00003658	NChap2_final_00014804-RA	92.308	104	8	0	965	1068	1365	1468	1.25e-34	148
NChap1_final_00003658	NChap2_final_00014804-RA	82.400	125	10	4	514	626	757	881	1.28e-19	99.0
NChap1_final_00003658	NChap2_final_00014804-RA	84.127	63	10	0	764	826	1037	1099	1.67e-08	62.1
NChap1_final_00003662	NChap2_final_00007957-RA	97.059	34	1	0	635	668	913	946	1.41e-07	58.4
NChap1_final_00003717	NChap2_final_00008596-RA	85.714	84	12	0	1879	1962	2214	2131	8.83e-17	89.8
NChap1_final_00003718	NChap2_final_00008596-RA	85.714	84	12	0	1322	1405	2131	2214	6.89e-17	89.8
NChap1_final_00003760	NChap2_final_00008577-RA	77.672	524	102	10	426	937	320	840	5.53e-82	305
NChap1_final_00003771	NChap2_final_00015414-RA	75.033	1494	339	28	128	1604	414	1890	0.0	662
NChap1_final_00003776	NChap2_final_00016785-RA	79.477	1569	302	17	273	1828	440	2001	0.0	1096
NChap1_final_00003843	NChap2_final_00009200-RA	78.385	1647	332	21	277	1914	651	2282	0.0	1048
NChap1_final_00003843	NChap2_final_00020109-RA	97.619	336	6	1	246	581	3	336	5.49e-163	575
NChap1_final_00003843	NChap2_final_00020109-RA	96.654	269	9	0	581	849	446	714	1.25e-124	448
NChap1_final_00003852	NChap2_final_00014194-RA	95.833	48	2	0	468	515	123	170	1.26e-13	78.7
NChap1_final_00003910	NChap2_final_00009146-RA	90.210	143	12	2	1196	1337	810	951	8.08e-46	185
NChap1_final_00003910	NChap2_final_00013784-RA	98.507	67	1	0	1377	1443	490	556	8.32e-26	119
NChap1_final_00004092	NChap2_final_00021705-RA	99.682	943	3	0	1	943	27	969	0.0	1725
NChap1_final_00004092	NChap2_final_00021705-RA	98.095	105	2	0	1057	1161	969	1073	2.43e-45	183
NChap1_final_00004103	NChap2_final_00002157-RA	82.545	1564	263	9	85	1643	175	1733	0.0	1367
NChap1_final_00004103	NChap2_final_00021697-RA	99.719	713	2	0	1	713	20	732	0.0	1306
NChap1_final_00004103	NChap2_final_00021697-RA	98.858	438	5	0	777	1214	733	1170	0.0	782
NChap1_final_00004103	NChap2_final_00021697-RA	99.254	402	3	0	1246	1647	1171	1572	0.0	726
NChap1_final_00004103	NChap2_final_00021702-RA	89.634	820	85	0	828	1647	615	1434	0.0	1044
NChap1_final_00004103	NChap2_final_00021702-RA	90.832	469	43	0	42	510	150	618	3.52e-179	628
NChap1_final_00004103	NChap2_final_00023217-RA	74.706	1530	347	33	97	1606	73	1582	0.0	645
NChap1_final_00004103	NChap2_final_00021698-RA	86.512	215	27	2	1263	1477	63	275	8.98e-61	235
NChap1_final_00004129	NChap2_final_00015550-RA	97.685	864	20	0	1	864	713	1576	0.0	1485
NChap1_final_00004129	NChap2_final_00001625-RA	97.826	552	12	0	1	552	1	552	0.0	953
NChap1_final_00004129	NChap2_final_00001625-RA	97.024	168	5	0	552	719	615	782	1.64e-75	283
NChap1_final_00004129	NChap2_final_00001625-RA	97.333	75	2	0	753	827	783	857	8.14e-29	128
NChap1_final_00004129	NChap2_final_00022670-RA	98.969	485	5	0	382	866	30	514	0.0	869
NChap1_final_00004129	NChap2_final_00015368-RA	90.761	552	37	4	106	657	467	1004	0.0	725
NChap1_final_00004129	NChap2_final_00015368-RA	97.778	45	1	0	15	59	439	483	8.31e-14	78.7
NChap1_final_00004129	NChap2_final_00015549-RA	95.142	247	8	1	310	552	181	427	1.22e-106	387
NChap1_final_00004129	NChap2_final_00015549-RA	96.465	198	7	0	667	864	427	624	7.48e-89	327
NChap1_final_00004129	NChap2_final_00015549-RA	97.283	184	5	0	10	193	1	184	2.09e-84	313
NChap1_final_00004129	NChap2_final_00022671-RA	98.148	162	3	0	122	283	74	235	1.64e-75	283
NChap1_final_00004129	NChap2_final_00022671-RA	100.000	74	0	0	13	86	1	74	1.35e-31	137
NChap1_final_00004129	NChap2_final_00022671-RA	98.571	70	1	0	314	383	236	305	1.05e-27	124
NChap1_final_00004195	NChap2_final_00019666-RA	99.340	1061	7	0	213	1273	1484	2544	0.0	1921
NChap1_final_00004195	NChap2_final_00010958-RA	88.210	229	27	0	462	690	1	229	1.46e-72	274
NChap1_final_00004195	NChap2_final_00019665-RA	99.187	123	1	0	1151	1273	1450	1328	5.38e-57	222
NChap1_final_00004321	NChap2_final_00019565-RA	99.349	307	2	0	1067	1373	433	739	1.63e-157	556
NChap1_final_00004321	NChap2_final_00019565-RA	98.870	177	2	0	399	575	86	262	3.01e-85	316
NChap1_final_00004321	NChap2_final_00019565-RA	97.159	176	1	2	635	810	262	433	1.41e-78	294
NChap1_final_00004337	NChap2_final_00010302-RA	77.761	1974	407	29	916	2873	979	2936	0.0	1184
NChap1_final_00004392	NChap2_final_00028354-RA	83.266	1488	226	9	300	1786	400	1865	0.0	1347
NChap1_final_00004392	NChap2_final_00022345-RA	98.896	453	5	0	1333	1785	719	1171	0.0	809
NChap1_final_00004392	NChap2_final_00022345-RA	98.958	288	3	0	703	990	224	511	3.73e-145	516
NChap1_final_00004392	NChap2_final_00022345-RA	94.118	221	1	1	1036	1256	512	720	6.75e-88	326
NChap1_final_00004392	NChap2_final_00022345-RA	98.286	175	3	0	246	420	1	175	2.45e-82	307
NChap1_final_00004392	NChap2_final_00022345-RA	97.674	43	1	0	592	634	184	226	2.70e-12	75.0
NChap1_final_00004393	NChap2_final_00028339-RA	78.510	2443	501	16	758	3191	1092	3519	0.0	1581
NChap1_final_00004393	NChap2_final_00022348-RA	98.271	752	13	0	774	1525	643	1394	0.0	1317
NChap1_final_00004393	NChap2_final_00022348-RA	99.448	181	1	0	1559	1739	1392	1572	8.55e-89	329
NChap1_final_00004393	NChap2_final_00022350-RA	98.865	705	7	1	2294	2997	10	714	0.0	1256
NChap1_final_00004393	NChap2_final_00024712-RA	77.893	674	143	6	2809	3479	3139	3809	2.30e-114	414
NChap1_final_00004414	NChap2_final_00022824-RA	96.559	465	8	3	308	772	232	688	0.0	763
NChap1_final_00004414	NChap2_final_00022824-RA	100.000	231	0	0	1	231	1	231	6.38e-119	427
NChap1_final_00004461	NChap2_final_00021821-RA	91.837	392	6	2	315	706	10	375	1.45e-147	523
NChap1_final_00004461	NChap2_final_00021821-RA	97.087	103	3	0	747	849	370	472	1.68e-42	174
NChap1_final_00004461	NChap2_final_00015658-RA	93.496	246	7	4	1162	1398	1	246	1.56e-97	357
NChap1_final_00004461	NChap2_final_00009402-RA	96.809	94	3	0	1277	1370	1358	1451	1.70e-37	158
NChap1_final_00004461	NChap2_final_00006498-RA	95.455	44	0	2	862	903	209	252	8.17e-11	69.4
NChap1_final_00004572	NChap2_final_00004651-RA	78.754	706	136	11	867	1562	1061	1762	1.37e-128	460
NChap1_final_00004572	NChap2_final_00004651-RA	79.396	563	110	6	273	832	242	801	5.08e-108	392
NChap1_final_00004639	NChap2_final_00021869-RA	99.371	159	1	0	1490	1648	185	343	6.80e-77	289
NChap1_final_00004639	NChap2_final_00021869-RA	95.327	107	3	2	1249	1354	79	184	9.24e-41	169
NChap1_final_00004675	NChap2_final_00020641-RA	95.333	450	14	1	759	1208	287	729	0.0	708
NChap1_final_00004675	NChap2_final_00020641-RA	96.757	185	6	0	406	590	33	217	3.81e-83	309
NChap1_final_00004675	NChap2_final_00020640-RA	95.333	450	14	1	759	1208	248	690	0.0	708
NChap1_final_00004675	NChap2_final_00020640-RA	96.791	187	6	0	406	592	33	219	2.95e-84	313
NChap1_final_00004675	NChap2_final_00000907-RA	80.709	508	94	4	23	528	341	846	3.68e-108	392
NChap1_final_00004728	NChap2_final_00014700-RA	73.883	291	72	4	1097	1385	1208	1496	5.11e-24	113
NChap1_final_00004730	NChap2_final_00023082-RA	96.392	194	7	0	1	194	1	194	1.36e-86	320
NChap1_final_00004730	NChap2_final_00023082-RA	97.826	138	2	1	246	382	182	319	1.41e-61	237
NChap1_final_00004746	NChap2_final_00010056-RA	85.802	486	64	3	526	1010	803	1284	9.20e-144	510
NChap1_final_00004747	NChap2_final_00005964-RA	79.502	1044	210	4	25	1066	1	1042	0.0	739
NChap1_final_00004747	NChap2_final_00007252-RA	77.321	754	162	4	253	1006	261	1005	1.48e-121	436
NChap1_final_00004786	NChap2_final_00025293-RA	71.795	546	150	4	316	859	409	952	6.90e-36	152
NChap1_final_00004827	NChap2_final_00028886-RA	85.714	252	32	2	364	615	216	463	2.71e-69	263
NChap1_final_00004827	NChap2_final_00027139-RA	82.677	127	20	2	445	570	464	589	1.04e-23	111
NChap1_final_00004925	NChap2_final_00021942-RA	98.077	104	2	0	434	537	105	208	8.58e-45	182
NChap1_final_00004925	NChap2_final_00021942-RA	93.519	108	7	0	276	383	1	108	1.12e-38	161
NChap1_final_00004925	NChap2_final_00021942-RA	98.810	84	0	1	640	723	201	283	8.71e-35	148
NChap1_final_00004974	NChap2_final_00026179-RA	75.285	2371	549	32	1665	4021	5788	8135	0.0	1098
NChap1_final_00004974	NChap2_final_00026179-RA	75.148	2362	546	32	1676	4021	1818	4154	0.0	1072
NChap1_final_00004974	NChap2_final_00019422-RA	97.640	339	7	1	3616	3954	59	396	2.53e-164	580
NChap1_final_00004991	NChap2_final_00002807-RA	99.331	598	4	0	409	1006	207	804	0.0	1083
NChap1_final_00004991	NChap2_final_00025468-RA	98.997	598	6	0	409	1006	205	802	0.0	1072
NChap1_final_00004991	NChap2_final_00010647-RA	98.524	542	3	1	409	950	206	742	0.0	952
NChap1_final_00004998	NChap2_final_00026188-RA	85.959	3041	411	15	2129	5161	2082	5114	0.0	3236
NChap1_final_00004998	NChap2_final_00026188-RA	85.307	946	135	3	624	1567	784	1727	0.0	974
NChap1_final_00004998	NChap2_final_00026188-RA	86.909	275	36	0	1865	2139	1782	2056	1.65e-82	309
NChap1_final_00005015	NChap2_final_00020696-RA	98.413	441	7	0	330	770	1	441	0.0	776
NChap1_final_00005015	NChap2_final_00020696-RA	93.811	307	6	1	825	1131	440	733	2.09e-125	449
NChap1_final_00005038	NChap2_final_00026160-RA	86.534	401	54	0	599	999	525	925	9.36e-123	442
NChap1_final_00005038	NChap2_final_00026160-RA	85.600	250	36	0	353	602	171	420	7.82e-69	263
NChap1_final_00005049	NChap2_final_00006840-RA	83.019	318	52	2	868	1184	774	1090	2.33e-76	287
NChap1_final_00005052	NChap2_final_00018357-RA	100.000	32	0	0	1027	1058	49	18	3.70e-08	60.2
NChap1_final_00005061	NChap2_final_00002958-RA	91.509	318	25	2	1	317	143	459	8.82e-122	436
NChap1_final_00005061	NChap2_final_00002958-RA	86.239	327	30	11	318	630	499	824	7.11e-93	340
NChap1_final_00005061	NChap2_final_00000513-RA	90.459	283	27	0	35	317	14	296	7.01e-103	374
NChap1_final_00005061	NChap2_final_00000513-RA	89.474	247	15	7	318	553	336	582	3.36e-81	302
NChap1_final_00005067	NChap2_final_00021774-RA	98.093	472	9	0	351	822	1	472	0.0	822
NChap1_final_00005067	NChap2_final_00021774-RA	99.656	291	1	0	1620	1910	736	1026	4.01e-150	532
NChap1_final_00005067	NChap2_final_00021774-RA	99.130	115	1	0	1236	1350	471	585	2.76e-52	207
NChap1_final_00005067	NChap2_final_00021774-RA	99.123	114	1	0	1408	1521	586	699	9.92e-52	206
NChap1_final_00005119	NChap2_final_00020064-RA	98.733	868	11	0	130	997	52	919	0.0	1543
NChap1_final_00005119	NChap2_final_00016722-RA	83.099	1562	239	16	5	1563	269	1808	0.0	1399
NChap1_final_00005119	NChap2_final_00000877-RA	82.456	1425	234	11	130	1552	240	1650	0.0	1232
NChap1_final_00005235	NChap2_final_00017943-RA	94.171	772	42	1	1	772	2518	3286	0.0	1173
NChap1_final_00005235	NChap2_final_00020079-RA	92.832	558	37	2	2	559	1826	2380	0.0	806
NChap1_final_00005235	NChap2_final_00023193-RA	97.136	419	12	0	1419	1837	414	832	0.0	708
NChap1_final_00005235	NChap2_final_00023193-RA	99.278	277	2	0	1035	1311	141	417	9.92e-141	501
NChap1_final_00005235	NChap2_final_00023193-RA	100.000	142	0	0	775	916	1	142	5.09e-69	263
NChap1_final_00005235	NChap2_final_00017549-RA	92.571	175	13	0	1	175	2404	2578	1.10e-65	252
NChap1_final_00005309	NChap2_final_00022181-RA	100.000	29	0	0	611	639	1647	1675	2.01e-06	54.7
NChap1_final_00005337	NChap2_final_00025019-RA	97.590	83	2	0	92	174	205	287	5.64e-34	143
NChap1_final_00005506	NChap2_final_00020216-RA	100.000	671	0	0	48	718	1034	1704	0.0	1240
NChap1_final_00005554	NChap2_final_00020827-RA	100.000	107	0	0	1720	1826	1	107	1.63e-49	198
NChap1_final_00005554	NChap2_final_00020825-RA	100.000	83	0	0	96	178	685	767	3.58e-36	154
NChap1_final_00005705	NChap2_final_00020346-RA	95.805	596	1	1	1	596	6	577	0.0	941
NChap1_final_00005705	NChap2_final_00000919-RA	97.059	136	4	0	1	136	166	301	1.66e-59	230
NChap1_final_00005940	NChap2_final_00020032-RA	98.706	773	6	3	1	769	1	773	0.0	1369
NChap1_final_00005940	NChap2_final_00020032-RA	100.000	44	0	0	820	863	773	816	1.06e-14	82.4
NChap1_final_00006013	NChap2_final_00014229-RA	78.561	1334	268	18	229	1553	460	1784	0.0	863
NChap1_final_00006016	NChap2_final_00022122-RA	96.495	428	13	2	993	1420	1452	1877	0.0	706
NChap1_final_00006016	NChap2_final_00022122-RA	91.327	392	9	5	130	521	862	1228	4.74e-144	512
NChap1_final_00006016	NChap2_final_00022122-RA	97.778	225	4	1	739	962	1229	1453	3.00e-106	387
NChap1_final_00006080	NChap2_final_00015225-RA	81.066	1463	260	14	1	1450	222	1680	0.0	1151
NChap1_final_00006143	NChap2_final_00015007-RA	84.211	285	43	2	231	514	170	453	4.91e-73	276
NChap1_final_00006143	NChap2_final_00008596-RA	87.821	156	15	3	1371	1525	1804	1956	3.96e-44	180
NChap1_final_00006143	NChap2_final_00003710-RA	81.609	87	13	2	1444	1530	2401	2484	8.95e-11	69.4
NChap1_final_00006355	NChap2_final_00022959-RA	99.177	243	2	0	1	243	1	243	4.66e-122	438
NChap1_final_00006357	NChap2_final_00011380-RA	82.407	108	15	4	1262	1368	607	711	1.71e-17	91.6
NChap1_final_00006357	NChap2_final_00023609-RA	97.059	34	0	1	1288	1321	41	9	6.22e-07	56.5
NChap1_final_00006359	NChap2_final_00022958-RA	99.560	1591	7	0	1	1591	23	1613	0.0	2900
NChap1_final_00006359	NChap2_final_00015912-RA	81.321	1408	257	6	156	1560	115	1519	0.0	1138
NChap1_final_00006393	NChap2_final_00022937-RA	95.292	616	10	3	354	969	1	597	0.0	959
NChap1_final_00006414	NChap2_final_00021758-RA	97.555	1227	23	2	1	1227	1	1220	0.0	2093
NChap1_final_00006542	NChap2_final_00001355-RA	88.454	537	61	1	110	645	1	537	0.0	647
NChap1_final_00006542	NChap2_final_00021034-RA	100.000	340	0	0	309	648	65	404	1.48e-179	628
NChap1_final_00006613	NChap2_final_00020980-RA	99.425	348	2	0	527	874	33	380	1.43e-180	632
NChap1_final_00006767	NChap2_final_00021232-RA	99.461	927	5	0	1	927	2	928	0.0	1685
NChap1_final_00006994	NChap2_final_00021418-RA	99.547	662	3	0	652	1313	766	1427	0.0	1206
NChap1_final_00006994	NChap2_final_00021418-RA	98.483	659	9	1	1	659	1	658	0.0	1160
NChap1_final_00007496	NChap2_final_00019049-RA	99.465	747	4	0	1	747	124	870	0.0	1358
NChap1_final_00007496	NChap2_final_00019049-RA	98.039	51	1	0	775	825	870	920	3.71e-17	89.8
NChap1_final_00007541	NChap2_final_00019100-RA	100.000	298	0	0	1	298	1	298	2.17e-156	551
NChap1_final_00007566	NChap2_final_00018945-RA	84.118	1486	201	18	1	1458	1	1479	0.0	1404
NChap1_final_00007611	NChap2_final_00012868-RA	83.827	2702	389	30	371	3066	159	2818	0.0	2525
NChap1_final_00007611	NChap2_final_00018908-RA	99.851	1344	2	0	337	1680	108	1451	0.0	2471
NChap1_final_00007611	NChap2_final_00018908-RA	99.495	594	3	0	2473	3066	1740	2333	0.0	1081
NChap1_final_00007611	NChap2_final_00018908-RA	100.000	171	0	0	2063	2233	1570	1740	5.84e-85	316
NChap1_final_00007611	NChap2_final_00018908-RA	100.000	121	0	0	1867	1987	1452	1572	3.64e-57	224
NChap1_final_00007611	NChap2_final_00018908-RA	100.000	107	0	0	200	306	1	107	2.21e-49	198
NChap1_final_00008033	NChap2_final_00018556-RA	99.550	444	2	0	138	581	1350	1793	0.0	809
NChap1_final_00008215	NChap2_final_00018425-RA	99.363	785	5	0	1078	1862	1	785	0.0	1423
NChap1_final_00008215	NChap2_final_00018425-RA	99.531	213	1	0	1861	2073	853	1065	8.22e-107	388
NChap1_final_00008414	NChap2_final_00018253-RA	100.000	171	0	0	163	333	1	171	6.35e-86	316
NChap1_final_00008414	NChap2_final_00018252-RA	99.383	162	1	0	1	162	248	87	2.98e-79	294
NChap1_final_00008414	NChap2_final_00018252-RA	100.000	52	0	0	251	302	74	23	9.01e-20	97.1
NChap1_final_00008530	NChap2_final_00018166-RA	100.000	584	0	0	1	584	475	1058	0.0	1079
NChap1_final_00008530	NChap2_final_00018166-RA	100.000	32	0	0	581	612	1140	1171	2.53e-08	60.2
NChap1_final_00008530	NChap2_final_00012097-RA	79.468	526	79	9	1	525	197	694	1.74e-94	346
NChap1_final_00008595	NChap2_final_00018118-RA	99.838	618	1	0	1216	1833	1	618	0.0	1136
NChap1_final_00008595	NChap2_final_00018119-RA	100.000	443	0	0	1	443	1	443	0.0	819
NChap1_final_00008595	NChap2_final_00008209-RA	79.950	803	147	14	1015	1810	1274	2069	4.01e-164	579
NChap1_final_00008849	NChap2_final_00017898-RA	99.550	444	2	0	265	708	389	832	0.0	809
NChap1_final_00008849	NChap2_final_00017898-RA	99.245	265	2	0	1	265	2	266	1.58e-134	479
NChap1_final_00008849	NChap2_final_00023687-RA	86.304	460	61	2	183	641	50	508	1.22e-140	499
NChap1_final_00008861	NChap2_final_00017890-RA	98.624	218	3	0	143	360	2492	2709	4.86e-107	387
NChap1_final_00009053	NChap2_final_00017748-RA	100.000	300	0	0	375	674	104	403	4.65e-157	555
NChap1_final_00009053	NChap2_final_00017748-RA	98.519	135	2	0	1134	1268	398	532	5.32e-62	239
NChap1_final_00009053	NChap2_final_00017748-RA	100.000	105	0	0	59	163	1	105	1.17e-48	195
NChap1_final_00009239	NChap2_final_00017592-RA	99.823	2257	4	0	122	2378	223	2479	0.0	4146
NChap1_final_00009239	NChap2_final_00017592-RA	97.849	93	2	0	1	93	133	225	2.34e-38	161
NChap1_final_00009307	NChap2_final_00017526-RA	98.020	505	3	3	771	1275	750	1247	0.0	870
NChap1_final_00009307	NChap2_final_00017526-RA	94.590	536	3	3	1	536	3	512	0.0	806
NChap1_final_00009307	NChap2_final_00017526-RA	100.000	151	0	0	628	778	511	661	3.15e-74	279
NChap1_final_00009327	NChap2_final_00017514-RA	99.100	889	8	0	1	889	3895	4783	0.0	1598
NChap1_final_00009386	NChap2_final_00017466-RA	100.000	978	0	0	1	978	1	978	0.0	1807
NChap1_final_00009403	NChap2_final_00017454-RA	100.000	1332	0	0	385	1716	3963	5294	0.0	2460
NChap1_final_00009403	NChap2_final_00017454-RA	99.666	299	1	0	38	336	3664	3962	1.06e-154	547
NChap1_final_00009404	NChap2_final_00017454-RA	99.762	1260	3	0	1	1260	1518	2777	0.0	2311
NChap1_final_00009404	NChap2_final_00017454-RA	99.436	532	3	0	1260	1791	2834	3365	0.0	966
NChap1_final_00009404	NChap2_final_00017454-RA	98.438	128	2	0	1792	1919	3540	3667	6.78e-58	226
NChap1_final_00009404	NChap2_final_00003385-RA	97.561	41	1	0	460	500	1446	1486	3.36e-11	71.3
NChap1_final_00009543	NChap2_final_00017331-RA	99.563	2289	10	0	322	2610	576	2864	0.0	4172
NChap1_final_00009543	NChap2_final_00017331-RA	100.000	276	0	0	47	322	124	399	2.13e-143	510
NChap1_final_00009544	NChap2_final_00017329-RA	99.476	382	2	0	1	382	36	417	0.0	695
NChap1_final_00009544	NChap2_final_00017329-RA	98.658	149	2	0	1261	1409	417	565	1.15e-69	265
NChap1_final_00009544	NChap2_final_00017330-RA	99.490	196	1	0	1458	1653	234	39	1.84e-97	357
NChap1_final_00009544	NChap2_final_00020342-RA	72.163	467	94	33	547	998	1086	1531	5.70e-23	110
NChap1_final_00009589	NChap2_final_00017298-RA	89.024	164	17	1	1	164	1810	1648	1.32e-51	202
NChap1_final_00009589	NChap2_final_00017298-RA	100.000	78	0	0	181	258	379	302	2.25e-34	145
NChap1_final_00009589	NChap2_final_00017296-RA	97.436	78	2	0	181	258	460	383	4.87e-31	134
NChap1_final_00009629	NChap2_final_00017270-RA	99.709	344	1	0	337	680	93	436	4.87e-180	630
NChap1_final_00009629	NChap2_final_00017270-RA	98.936	94	1	0	92	185	1	94	4.59e-41	169
NChap1_final_00009629	NChap2_final_00026455-RA	77.742	620	135	2	64	680	137	756	7.01e-104	377
NChap1_final_00009631	NChap2_final_00017264-RA	96.923	520	0	1	1	520	52	555	0.0	857
NChap1_final_00009666	NChap2_final_00017233-RA	100.000	336	0	0	72	407	1	336	1.40e-177	621
NChap1_final_00009673	NChap2_final_00017229-RA	100.000	49	0	0	315	363	531	579	4.31e-18	91.6
NChap1_final_00009714	NChap2_final_00017198-RA	99.834	1208	2	0	1	1208	69	1276	0.0	2220
NChap1_final_00009938	NChap2_final_00017045-RA	99.550	1555	7	0	1	1555	1	1555	0.0	2833
NChap1_final_00009938	NChap2_final_00009249-RA	76.517	1269	285	12	143	1406	211	1471	0.0	680
NChap1_final_00009940	NChap2_final_00017044-RA	99.522	418	2	0	3	420	153	570	0.0	761
NChap1_final_00010160	NChap2_final_00016883-RA	100.000	1821	0	0	26	1846	1595	3415	0.0	3363
NChap1_final_00010193	NChap2_final_00016849-RA	98.430	446	4	1	1	443	3	448	0.0	782
NChap1_final_00010207	NChap2_final_00016842-RA	99.616	1563	6	0	1	1563	1622	3184	0.0	2854
NChap1_final_00010208	NChap2_final_00016842-RA	99.486	1555	8	0	241	1795	27	1581	0.0	2828
NChap1_final_00010208	NChap2_final_00016842-RA	92.500	40	1	1	154	193	1	38	8.23e-07	56.5
NChap1_final_00010261	NChap2_final_00016793-RA	98.866	1499	4	1	1	1499	1	1486	0.0	2662
NChap1_final_00010307	NChap2_final_00016760-RA	99.286	560	4	0	442	1001	789	1348	0.0	1013
NChap1_final_00010338	NChap2_final_00016744-RA	99.630	810	3	0	1	810	1901	2710	0.0	1480
NChap1_final_00010372	NChap2_final_00016716-RA	97.707	1134	6	1	3	1136	1	1114	0.0	1932
NChap1_final_00010402	NChap2_final_00016693-RA	75.842	505	100	14	1600	2084	1507	2009	3.92e-61	237
NChap1_final_00010409	NChap2_final_00016685-RA	100.000	502	0	0	1192	1693	1	502	0.0	928
NChap1_final_00010417	NChap2_final_00016678-RA	99.523	419	2	0	1	419	54	472	0.0	763
NChap1_final_00010458	NChap2_final_00016649-RA	99.524	210	1	0	93	302	576	367	1.90e-105	383
NChap1_final_00010458	NChap2_final_00016649-RA	99.454	183	1	0	630	812	244	62	1.94e-90	333
NChap1_final_00010471	NChap2_final_00016629-RA	99.398	166	1	0	33	198	410	575	4.28e-81	302
NChap1_final_00010567	NChap2_final_00016575-RA	99.476	1144	6	0	1	1144	1074	2217	0.0	2080
NChap1_final_00010567	NChap2_final_00008314-RA	84.475	934	119	8	1	909	163	1095	0.0	898
NChap1_final_00010568	NChap2_final_00016575-RA	100.000	974	0	0	1	974	21	994	0.0	1799
NChap1_final_00010816	NChap2_final_00016359-RA	96.491	1140	24	4	1	1137	1	1127	0.0	1869
NChap1_final_00010900	NChap2_final_00016293-RA	99.866	1494	2	0	1	1494	3975	5468	0.0	2748
NChap1_final_00010900	NChap2_final_00016293-RA	99.259	135	1	0	1492	1626	5526	5660	1.56e-63	244
NChap1_final_00010900	NChap2_final_00008895-RA	75.485	1391	317	22	263	1640	441	1820	0.0	658
NChap1_final_00010902	NChap2_final_00016293-RA	97.909	1387	11	3	8	1388	1	1375	0.0	2385
NChap1_final_00010902	NChap2_final_00016207-RA	75.353	921	208	18	279	1194	1188	2094	4.20e-118	425
NChap1_final_00010971	NChap2_final_00016208-RA	99.451	728	4	0	1	728	1	728	0.0	1323
NChap1_final_00010996	NChap2_final_00016190-RA	99.458	738	4	0	1	738	1	738	0.0	1341
NChap1_final_00011002	NChap2_final_00016186-RA	100.000	1113	0	0	1	1113	1338	2450	0.0	2056
NChap1_final_00011009	NChap2_final_00016183-RA	100.000	1530	0	0	1	1530	1	1530	0.0	2826
NChap1_final_00011137	NChap2_final_00016066-RA	99.758	828	2	0	1	828	3523	4350	0.0	1519
NChap1_final_00011162	NChap2_final_00016042-RA	99.544	878	1	1	85	962	2108	2982	0.0	1596
NChap1_final_00011224	NChap2_final_00015989-RA	100.000	919	0	0	145	1063	187	1105	0.0	1698
NChap1_final_00011224	NChap2_final_00015989-RA	100.000	144	0	0	1	144	1	144	2.55e-70	267
NChap1_final_00011245	NChap2_final_00015972-RA	99.700	333	1	0	270	602	474	806	4.56e-174	610
NChap1_final_00011245	NChap2_final_00015972-RA	100.000	273	0	0	1	273	148	420	2.21e-142	505
NChap1_final_00011291	NChap2_final_00015921-RA	100.000	404	0	0	143	546	901	1304	0.0	747
NChap1_final_00011291	NChap2_final_00015922-RA	100.000	112	0	0	618	729	340	229	8.51e-53	207
NChap1_final_00011395	NChap2_final_00015825-RA	100.000	43	0	0	373	415	1	43	1.08e-14	80.5
NChap1_final_00011415	NChap2_final_00015810-RA	100.000	269	0	0	333	601	209	477	5.38e-140	497
NChap1_final_00011415	NChap2_final_00015810-RA	100.000	200	0	0	666	865	494	693	1.22e-101	370
NChap1_final_00011415	NChap2_final_00015810-RA	99.291	141	1	0	136	276	68	208	3.57e-67	255
NChap1_final_00011415	NChap2_final_00015810-RA	100.000	67	0	0	31	97	1	67	1.05e-27	124
NChap1_final_00011415	NChap2_final_00005224-RA	83.789	475	68	6	201	669	238	709	2.56e-123	442
NChap1_final_00011415	NChap2_final_00005224-RA	87.050	139	18	0	666	804	757	895	1.04e-37	158
NChap1_final_00011468	NChap2_final_00015750-RA	99.107	560	5	0	57	616	1646	2205	0.0	1007
NChap1_final_00011468	NChap2_final_00010134-RA	82.075	318	51	6	26	340	123	437	1.17e-70	267
NChap1_final_00011470	NChap2_final_00015749-RA	100.000	895	0	0	94	988	1672	2566	0.0	1653
NChap1_final_00011527	NChap2_final_00015699-RA	99.497	199	1	0	1	199	24	222	4.78e-100	363
NChap1_final_00011588	NChap2_final_00015647-RA	99.309	1013	7	0	1	1013	101	1113	0.0	1832
NChap1_final_00011588	NChap2_final_00013756-RA	89.356	357	36	2	537	892	88	443	8.41e-125	448
NChap1_final_00011620	NChap2_final_00015614-RA	97.481	1072	6	1	617	1688	3819	4869	0.0	1810
NChap1_final_00011621	NChap2_final_00015614-RA	99.559	907	4	0	497	1403	4885	5791	0.0	1653
NChap1_final_00011622	NChap2_final_00015614-RA	98.191	940	13	3	18	955	5791	6728	0.0	1639
NChap1_final_00011669	NChap2_final_00000015-RA	99.888	1785	2	0	1	1785	1142	2926	0.0	3286
NChap1_final_00011669	NChap2_final_00000016-RA	100.000	123	0	0	1663	1785	1052	930	1.63e-58	228
NChap1_final_00011679	NChap2_final_00000021-RA	99.538	649	1	1	205	853	261	907	0.0	1181
NChap1_final_00011679	NChap2_final_00000021-RA	100.000	162	0	0	1	162	99	260	1.70e-80	300
NChap1_final_00011707	NChap2_final_00000040-RA	99.715	701	1	1	312	1011	258	958	0.0	1282
NChap1_final_00011707	NChap2_final_00000040-RA	91.736	484	40	0	523	1006	1360	1843	0.0	673
NChap1_final_00011707	NChap2_final_00000040-RA	100.000	257	0	0	1	257	1	257	2.96e-133	475
NChap1_final_00011720	NChap2_final_00000051-RA	98.455	712	11	0	1	712	74	785	0.0	1254
NChap1_final_00011720	NChap2_final_00000051-RA	97.143	70	2	0	811	880	782	851	5.54e-26	119
NChap1_final_00011959	NChap2_final_00000226-RA	99.794	969	2	0	124	1092	314	1282	0.0	1779
NChap1_final_00011959	NChap2_final_00000226-RA	100.000	123	0	0	1	123	92	214	9.90e-59	228
NChap1_final_00011959	NChap2_final_00007287-RA	82.133	1041	184	2	10	1049	39	1078	0.0	891
NChap1_final_00011959	NChap2_final_00000225-RA	91.304	483	28	5	601	1083	655	1123	0.0	647
NChap1_final_00011959	NChap2_final_00000225-RA	89.529	191	20	0	228	418	382	572	3.53e-63	243
NChap1_final_00011959	NChap2_final_00000225-RA	96.104	77	3	0	472	548	578	654	3.71e-28	126
NChap1_final_00011959	NChap2_final_00021372-RA	75.932	885	201	11	153	1031	328	1206	9.03e-124	444
NChap1_final_00012286	NChap2_final_00000482-RA	99.843	1270	2	0	1	1270	38	1307	0.0	2335
NChap1_final_00012286	NChap2_final_00000482-RA	92.895	1126	78	2	147	1271	2926	4050	0.0	1635
NChap1_final_00012286	NChap2_final_00000482-RA	91.409	582	50	0	690	1271	4270	4851	0.0	798
NChap1_final_00012286	NChap2_final_00000482-RA	82.770	917	106	23	377	1280	1954	2831	0.0	771
NChap1_final_00012286	NChap2_final_00000482-RA	92.000	100	7	1	142	241	1829	1927	6.16e-32	139
NChap1_final_00012454	NChap2_final_00000616-RA	100.000	103	0	0	1368	1470	304	202	1.76e-47	191
NChap1_final_00012454	NChap2_final_00000616-RA	100.000	59	0	0	482	540	509	451	5.06e-23	110
NChap1_final_00012454	NChap2_final_00003465-RA	78.509	228	40	8	1123	1345	1453	1676	1.79e-32	141
NChap1_final_00012475	NChap2_final_00000635-RA	100.000	1085	0	0	26	1110	3109	4193	0.0	2004
NChap1_final_00012475	NChap2_final_00000635-RA	82.080	971	163	9	25	991	1449	2412	0.0	819
NChap1_final_00012475	NChap2_final_00022633-RA	91.329	173	15	0	453	625	177	349	1.67e-61	237
NChap1_final_00012477	NChap2_final_00000636-RA	100.000	1627	0	0	1	1627	97	1723	0.0	3005
NChap1_final_00012481	NChap2_final_00000639-RA	99.106	1454	1	6	2513	3966	2194	3635	0.0	2603
NChap1_final_00012481	NChap2_final_00000639-RA	91.538	260	1	2	2255	2514	1909	2147	1.62e-91	339
NChap1_final_00012600	NChap2_final_00000748-RA	100.000	225	0	0	422	646	575	351	1.34e-115	416
NChap1_final_00012623	NChap2_final_00000762-RA	99.828	582	1	0	1	582	1	582	0.0	1070
NChap1_final_00012806	NChap2_final_00000910-RA	100.000	246	0	0	124	369	4174	4419	1.35e-127	455
NChap1_final_00012866	NChap2_final_00000943-RA	100.000	401	0	0	1	401	1	401	0.0	741
NChap1_final_00012910	NChap2_final_00000981-RA	99.569	1159	3	2	75	1232	2486	3643	0.0	2111
NChap1_final_00013041	NChap2_final_00001085-RA	99.620	526	2	0	931	1456	5929	6454	0.0	961
NChap1_final_00013041	NChap2_final_00001085-RA	99.296	426	3	0	419	844	5504	5929	0.0	771
NChap1_final_00013041	NChap2_final_00001085-RA	100.000	181	0	0	209	389	5324	5504	7.59e-91	335
NChap1_final_00013041	NChap2_final_00001111-RA	77.632	456	86	12	399	844	165	614	3.63e-69	263
NChap1_final_00013041	NChap2_final_00028945-RA	86.316	190	26	0	930	1119	142	331	1.73e-52	207
NChap1_final_00013049	NChap2_final_00001088-RA	99.706	340	1	0	108	447	975	1314	4.28e-178	623
NChap1_final_00013049	NChap2_final_00001088-RA	100.000	53	0	0	34	86	928	980	3.21e-20	99.0
NChap1_final_00013190	NChap2_final_00001207-RA	100.000	266	0	0	1	266	1749	2014	1.08e-138	492
NChap1_final_00013422	NChap2_final_00001378-RA	98.383	433	1	1	96	528	37	463	0.0	756
NChap1_final_00013489	NChap2_final_00001429-RA	99.608	1274	5	0	8	1281	1625	2898	0.0	2326
NChap1_final_00013795	NChap2_final_00020217-RA	98.148	54	1	0	103	156	210	263	1.93e-18	95.3
NChap1_final_00013795	NChap2_final_00020217-RA	94.643	56	3	0	28	83	92	147	3.22e-16	87.9
NChap1_final_00013795	NChap2_final_00005738-RA	97.436	39	1	0	3	41	221	259	4.20e-10	67.6
NChap1_final_00013858	NChap2_final_00001732-RA	99.855	690	1	0	439	1128	2417	3106	0.0	1269
NChap1_final_00013908	NChap2_final_00001850-RA	99.851	669	1	0	1	669	1660	2328	0.0	1230
NChap1_final_00014105	NChap2_final_00001946-RA	99.941	1704	1	0	1	1704	4447	6150	0.0	3142
NChap1_final_00014169	NChap2_final_00002004-RA	100.000	145	0	0	111	255	506	362	2.16e-71	268
NChap1_final_00014169	NChap2_final_00002004-RA	100.000	112	0	0	1	112	743	632	4.78e-53	207
NChap1_final_00014754	NChap2_final_00002488-RA	100.000	772	0	0	1066	1837	383	1154	0.0	1426
NChap1_final_00014754	NChap2_final_00002488-RA	100.000	123	0	0	1	123	77	199	1.68e-58	228
NChap1_final_00014754	NChap2_final_00002488-RA	100.000	103	0	0	412	514	200	302	2.20e-47	191
NChap1_final_00014754	NChap2_final_00002488-RA	100.000	83	0	0	780	862	301	383	2.89e-36	154
NChap1_final_00014990	NChap2_final_00002723-RA	100.000	1280	0	0	807	2086	3870	5149	0.0	2364
NChap1_final_00014990	NChap2_final_00002723-RA	99.310	290	2	0	421	710	3580	3869	6.05e-148	525
NChap1_final_00014990	NChap2_final_00027146-RA	79.090	1033	206	7	986	2013	560	1587	0.0	702
NChap1_final_00015038	NChap2_final_00002745-RA	99.197	747	6	0	1	747	1829	2575	0.0	1347
NChap1_final_00015038	NChap2_final_00002745-RA	92.453	53	3	1	348	399	2131	2183	1.77e-12	75.0
NChap1_final_00015038	NChap2_final_00002745-RA	92.453	53	3	1	303	355	2176	2227	1.77e-12	75.0
NChap1_final_00015038	NChap2_final_00029030-RA	95.575	226	10	0	1182	1407	477	252	3.37e-99	363
NChap1_final_00015038	NChap2_final_00028303-RA	92.478	226	17	0	1182	1407	477	252	1.59e-87	324
NChap1_final_00015038	NChap2_final_00011057-RA	90.265	226	22	0	1182	1407	1531	1306	3.47e-79	296
NChap1_final_00015432	NChap2_final_00003066-RA	99.627	805	2	1	192	996	116	919	0.0	1469
NChap1_final_00015432	NChap2_final_00003066-RA	100.000	127	0	0	1	127	1	127	5.39e-61	235
NChap1_final_00015436	NChap2_final_00003069-RA	99.760	416	0	1	162	576	1789	2204	0.0	761
NChap1_final_00015436	NChap2_final_00003069-RA	99.333	150	0	1	16	165	1600	1748	8.37e-72	270
NChap1_final_00015588	NChap2_final_00003181-RA	100.000	463	0	0	129	591	1296	1758	0.0	856
NChap1_final_00015588	NChap2_final_00003181-RA	100.000	78	0	0	52	129	1177	1254	5.44e-34	145
NChap1_final_00016010	NChap2_final_00003548-RA	100.000	76	0	0	540	615	106	31	1.23e-32	141
NChap1_final_00016015	NChap2_final_00003551-RA	100.000	403	0	0	645	1047	2343	2745	0.0	745
NChap1_final_00016015	NChap2_final_00003551-RA	97.253	364	1	1	205	559	1939	2302	3.07e-173	608
NChap1_final_00016015	NChap2_final_00003551-RA	100.000	196	0	0	1	196	1633	1828	2.64e-99	363
NChap1_final_00016060	NChap2_final_00027351-RA	91.946	447	36	0	465	911	516	962	6.96e-179	627
NChap1_final_00016100	NChap2_final_00003606-RA	99.689	1287	4	0	1	1287	2537	3823	0.0	2355
NChap1_final_00016162	NChap2_final_00003655-RA	99.459	185	1	0	324	508	236	420	8.76e-92	337
NChap1_final_00016162	NChap2_final_00003655-RA	99.187	123	1	0	1	123	116	238	2.56e-57	222
NChap1_final_00016162	NChap2_final_00003655-RA	100.000	35	0	0	575	609	418	452	4.56e-10	65.8
NChap1_final_00016408	NChap2_final_00005421-RA	94.678	357	3	1	202	558	2439	2779	5.79e-153	540
NChap1_final_00016612	NChap2_final_00005272-RA	98.884	448	5	0	80	527	1315	1762	0.0	800
NChap1_final_00016674	NChap2_final_00005231-RA	99.227	388	3	0	1	388	10	397	0.0	701
NChap1_final_00016787	NChap2_final_00005138-RA	99.422	1211	5	1	1	1211	116	1324	0.0	2196
NChap1_final_00016802	NChap2_final_00005126-RA	99.157	356	3	0	1	356	2649	3004	0.0	641
NChap1_final_00016802	NChap2_final_00005126-RA	98.361	61	0	1	357	417	3074	3133	1.82e-22	106
NChap1_final_00016874	NChap2_final_00005067-RA	99.593	2701	11	0	672	3372	1	2701	0.0	4927
NChap1_final_00017074	NChap2_final_00004878-RA	99.511	614	3	0	49	662	1021	1634	0.0	1118
NChap1_final_00017097	NChap2_final_00004861-RA	99.820	1110	2	0	378	1487	2414	3523	0.0	2039
NChap1_final_00017205	NChap2_final_00004780-RA	93.239	355	0	1	1	355	1152	1482	1.81e-141	501
NChap1_final_00017277	NChap2_final_00004711-RA	95.570	790	27	6	1	786	1061	1846	0.0	1258
NChap1_final_00017330	NChap2_final_00004676-RA	99.532	855	4	0	1	855	1	855	0.0	1557
NChap1_final_00017400	NChap2_final_00025075-RA	78.519	135	29	0	252	386	551	685	3.67e-17	89.8
NChap1_final_00017400	NChap2_final_00027139-RA	83.544	79	13	0	252	330	477	555	1.03e-12	75.0
NChap1_final_00017422	NChap2_final_00004602-RA	97.388	1340	32	1	1	1340	101	1437	0.0	2278
NChap1_final_00017758	NChap2_final_00004348-RA	100.000	566	0	0	1	566	1496	2061	0.0	1046
NChap1_final_00017894	NChap2_final_00004237-RA	99.515	206	1	0	62	267	72	277	1.30e-103	375
NChap1_final_00017894	NChap2_final_00004237-RA	90.769	130	10	1	311	438	1033	1162	1.83e-42	172
NChap1_final_00017894	NChap2_final_00004237-RA	96.078	102	3	1	125	225	277	378	3.06e-40	165
NChap1_final_00017894	NChap2_final_00004237-RA	100.000	45	0	0	265	309	233	277	8.80e-16	84.2
NChap1_final_00017908	NChap2_final_00004223-RA	99.510	816	4	0	6	821	2681	3496	0.0	1485
NChap1_final_00017925	NChap2_final_00004207-RA	99.864	735	1	0	164	898	1560	2294	0.0	1352
NChap1_final_00018017	NChap2_final_00004133-RA	100.000	906	0	0	1	906	1791	2696	0.0	1674
NChap1_final_00018194	NChap2_final_00003987-RA	99.750	1199	3	0	1	1199	1415	2613	0.0	2198
NChap1_final_00018252	NChap2_final_00003946-RA	99.421	691	2	2	256	945	1	690	0.0	1253
NChap1_final_00018583	NChap2_final_00005601-RA	99.851	673	0	1	1	672	1	673	0.0	1236
NChap1_final_00018625	NChap2_final_00005626-RA	100.000	307	0	0	1	307	42	348	2.08e-161	568
NChap1_final_00018625	NChap2_final_00005626-RA	100.000	63	0	0	345	407	348	410	9.05e-26	117
NChap1_final_00018752	NChap2_final_00000344-RA	95.181	83	4	0	218	300	7	89	2.07e-30	132
NChap1_final_00019062	NChap2_final_00008969-RA	85.965	57	8	0	223	279	686	742	6.35e-09	62.1
NChap1_final_00019522	NChap2_final_00006364-RA	98.883	537	0	2	1	531	1173	1709	0.0	953
NChap1_final_00019566	NChap2_final_00006402-RA	100.000	154	0	0	184	337	1	154	4.46e-76	285
NChap1_final_00019566	NChap2_final_00006402-RA	100.000	90	0	0	398	487	154	243	1.69e-40	167
NChap1_final_00019566	NChap2_final_00006401-RA	100.000	127	0	0	721	847	1781	1655	4.56e-61	235
NChap1_final_00020073	NChap2_final_00006902-RA	100.000	607	0	0	165	771	607	1213	0.0	1122
NChap1_final_00020076	NChap2_final_00006905-RA	99.930	1436	1	0	1	1436	1743	3178	0.0	2647
NChap1_final_00020081	NChap2_final_00006909-RA	100.000	866	0	0	220	1085	2607	3472	0.0	1600
NChap1_final_00020081	NChap2_final_00006909-RA	88.785	107	2	1	10	116	2517	2613	4.86e-27	122
NChap1_final_00020190	NChap2_final_00007001-RA	99.924	2621	2	0	1	2621	1	2621	0.0	4830
NChap1_final_00020190	NChap2_final_00001980-RA	77.072	362	77	6	2203	2561	2251	2609	4.14e-51	204
NChap1_final_00020210	NChap2_final_00007018-RA	99.508	610	3	0	84	693	331	940	0.0	1110
NChap1_final_00020213	NChap2_final_00007020-RA	99.822	1688	3	0	963	2650	4203	5890	0.0	3101
NChap1_final_00020213	NChap2_final_00007020-RA	99.478	958	5	0	7	964	3172	4129	0.0	1742
NChap1_final_00020214	NChap2_final_00007020-RA	99.914	2338	2	0	1	2338	5965	8302	0.0	4307
NChap1_final_00020214	NChap2_final_00007020-RA	100.000	526	0	0	2644	3169	8629	9154	0.0	972
NChap1_final_00020214	NChap2_final_00007020-RA	99.623	265	0	1	2384	2648	8303	8566	5.66e-135	483
NChap1_final_00020214	NChap2_final_00007021-RA	100.000	190	0	0	148	337	391	202	1.66e-95	351
NChap1_final_00020214	NChap2_final_00001439-RA	95.699	186	7	1	626	811	114	298	2.20e-79	298
NChap1_final_00020214	NChap2_final_00001439-RA	96.667	60	2	0	546	605	1	60	6.65e-20	100
NChap1_final_00020214	NChap2_final_00027326-RA	72.394	355	92	4	914	1265	570	921	3.98e-22	108
NChap1_final_00020266	NChap2_final_00007066-RA	96.528	1037	21	12	1	1025	1	1034	0.0	1701
NChap1_final_00020282	NChap2_final_00007078-RA	100.000	548	0	0	1	548	202	749	0.0	1013
NChap1_final_00020522	NChap2_final_00007248-RA	99.227	905	7	0	1	905	2054	2958	0.0	1633
NChap1_final_00020532	NChap2_final_00007257-RA	95.731	773	10	6	100	857	1	765	0.0	1223
NChap1_final_00020602	NChap2_final_00007318-RA	99.733	1497	4	0	204	1700	1	1497	0.0	2743
NChap1_final_00020602	NChap2_final_00011004-RA	77.170	1463	298	29	267	1708	94	1541	0.0	819
NChap1_final_00020632	NChap2_final_00007302-RA	99.573	702	3	0	1	702	4402	5103	0.0	1280
NChap1_final_00020654	NChap2_final_00007285-RA	99.545	660	3	0	1	660	1790	2449	0.0	1203
NChap1_final_00020661	NChap2_final_00007276-RA	91.066	1041	69	14	2	1027	1	1032	0.0	1386
NChap1_final_00020750	NChap2_final_00007439-RA	100.000	214	0	0	370	583	238	451	1.34e-109	396
NChap1_final_00020750	NChap2_final_00007439-RA	100.000	79	0	0	291	369	59	137	1.49e-34	147
NChap1_final_00020750	NChap2_final_00007475-RA	90.698	129	12	0	115	243	176	304	2.46e-42	172
NChap1_final_00020886	NChap2_final_00025656-RA	92.143	140	7	1	275	410	449	310	4.07e-49	195
NChap1_final_00020926	NChap2_final_00007596-RA	99.783	923	1	1	589	1510	2069	2991	0.0	1692
NChap1_final_00020926	NChap2_final_00007597-RA	100.000	74	0	0	1437	1510	808	735	2.38e-31	137
NChap1_final_00020983	NChap2_final_00007636-RA	99.804	2551	5	0	69	2619	4014	6564	0.0	4684
NChap1_final_00021157	NChap2_final_00007784-RA	99.713	1044	3	0	1	1044	6	1049	0.0	1912
NChap1_final_00021215	NChap2_final_00007834-RA	95.575	1017	0	2	1	1017	2199	3170	0.0	1587
NChap1_final_00021266	NChap2_final_00007873-RA	100.000	595	0	0	395	989	503	1097	0.0	1099
NChap1_final_00021266	NChap2_final_00007873-RA	100.000	394	0	0	1	394	1	394	0.0	728
NChap1_final_00021266	NChap2_final_00025140-RA	100.000	92	0	0	520	611	719	810	1.55e-41	171
NChap1_final_00021283	NChap2_final_00007889-RA	99.220	641	4	1	1	640	229	869	0.0	1155
NChap1_final_00021457	NChap2_final_00008024-RA	98.193	1107	19	1	1	1107	1	1106	0.0	1932
NChap1_final_00021457	NChap2_final_00008024-RA	98.510	537	8	0	1105	1641	1194	1730	0.0	948
NChap1_final_00021457	NChap2_final_00016453-RA	96.386	83	3	0	1022	1104	94	176	2.61e-31	137
NChap1_final_00021457	NChap2_final_00001875-RA	96.386	83	3	0	1022	1104	94	176	2.61e-31	137
NChap1_final_00021457	NChap2_final_00027533-RA	96.386	83	3	0	1022	1104	94	176	2.61e-31	137
NChap1_final_00021502	NChap2_final_00008072-RA	99.227	906	7	0	909	1814	2595	3500	0.0	1635
NChap1_final_00021502	NChap2_final_00008072-RA	98.798	499	6	0	412	910	1990	2488	0.0	889
NChap1_final_00021502	NChap2_final_00008072-RA	99.017	407	3	1	2072	2477	3806	4212	0.0	728
NChap1_final_00021502	NChap2_final_00008072-RA	98.485	132	2	0	1814	1945	3677	3808	4.88e-60	233
NChap1_final_00021502	NChap2_final_00008072-RA	93.220	59	1	3	276	334	1941	1996	5.20e-15	84.2
NChap1_final_00021586	NChap2_final_00000306-RA	93.049	820	53	2	831	1647	2490	3308	0.0	1195
NChap1_final_00021586	NChap2_final_00025209-RA	91.829	820	63	2	831	1647	2598	3416	0.0	1140
NChap1_final_00021586	NChap2_final_00024625-RA	91.707	820	64	2	831	1647	2322	3140	0.0	1134
NChap1_final_00021586	NChap2_final_00014598-RA	88.424	812	87	6	831	1637	2532	3341	0.0	972
NChap1_final_00021586	NChap2_final_00021758-RA	79.951	823	149	15	834	1647	2760	3575	4.62e-168	592
NChap1_final_00021586	NChap2_final_00003379-RA	81.142	753	127	14	834	1577	1165	1911	1.66e-167	590
NChap1_final_00021586	NChap2_final_00003359-RA	80.585	752	133	12	834	1577	1581	2327	7.79e-161	568
NChap1_final_00021586	NChap2_final_00019728-RA	82.576	396	68	1	1252	1647	4031	4425	1.11e-94	348
NChap1_final_00021586	NChap2_final_00026414-RA	83.558	371	57	4	1278	1647	2994	3361	1.43e-93	344
NChap1_final_00021586	NChap2_final_00022595-RA	81.818	396	71	1	1252	1647	3229	3623	1.11e-89	331
NChap1_final_00021586	NChap2_final_00020430-RA	81.818	396	71	1	1252	1647	2973	3367	1.11e-89	331
NChap1_final_00021586	NChap2_final_00022840-RA	82.105	380	65	3	1269	1647	3066	3443	6.70e-87	322
NChap1_final_00021586	NChap2_final_00014008-RA	81.915	376	68	0	1252	1627	2750	3125	8.67e-86	318
NChap1_final_00021586	NChap2_final_00023234-RA	82.730	359	60	2	1289	1647	2636	2992	8.67e-86	318
NChap1_final_00021586	NChap2_final_00021403-RA	81.061	396	74	1	1252	1647	3043	3437	1.12e-84	315
NChap1_final_00021586	NChap2_final_00016074-RA	82.865	356	53	6	1294	1647	3272	3621	4.03e-84	313
NChap1_final_00021586	NChap2_final_00007040-RA	81.818	374	67	1	1274	1647	3209	3581	4.03e-84	313
NChap1_final_00021586	NChap2_final_00019306-RA	80.051	391	70	8	1246	1632	2164	2550	3.16e-75	283
NChap1_final_00021586	NChap2_final_00013682-RA	79.361	407	69	11	1245	1641	2859	3260	6.84e-72	272
NChap1_final_00021586	NChap2_final_00019083-RA	78.190	431	89	5	1219	1647	2539	2966	2.46e-71	270
NChap1_final_00021586	NChap2_final_00011111-RA	80.282	355	68	2	1284	1637	3060	3413	3.18e-70	267
NChap1_final_00021586	NChap2_final_00009587-RA	79.733	375	69	7	1270	1641	2644	3014	1.15e-69	265
NChap1_final_00021586	NChap2_final_00018714-RA	84.000	200	31	1	1253	1452	2575	2773	1.97e-47	191
NChap1_final_00021586	NChap2_final_00025770-RA	100.000	33	0	0	1380	1412	953	985	1.61e-08	62.1
NChap1_final_00021604	NChap2_final_00008197-RA	99.487	390	2	0	613	1002	1483	1872	0.0	710
NChap1_final_00021604	NChap2_final_00008197-RA	99.668	301	1	0	222	522	1035	1335	5.42e-156	551
NChap1_final_00021604	NChap2_final_00008197-RA	99.512	205	1	0	1	205	751	955	1.26e-102	374
NChap1_final_00021628	NChap2_final_00008217-RA	100.000	504	0	0	1	504	3154	3657	0.0	931
NChap1_final_00021779	NChap2_final_00015482-RA	99.669	605	2	0	1	605	200	804	0.0	1107
NChap1_final_00021824	NChap2_final_00015441-RA	98.074	571	8	2	1	570	1	569	0.0	990
NChap1_final_00021957	NChap2_final_00015336-RA	99.748	795	2	0	1	795	3	797	0.0	1458
NChap1_final_00022091	NChap2_final_00015235-RA	100.000	1063	0	0	341	1403	2528	3590	0.0	1964
NChap1_final_00022091	NChap2_final_00015235-RA	100.000	217	0	0	32	248	1943	2159	7.19e-111	401
NChap1_final_00022112	NChap2_final_00015222-RA	99.781	1367	3	0	1	1367	285	1651	0.0	2508
NChap1_final_00022112	NChap2_final_00027801-RA	81.765	850	132	13	220	1068	266	1093	0.0	689
NChap1_final_00022113	NChap2_final_00015222-RA	99.708	684	2	0	1	684	1815	2498	0.0	1253
NChap1_final_00022113	NChap2_final_00015222-RA	99.603	252	1	0	883	1134	2781	3032	9.30e-129	460
NChap1_final_00022113	NChap2_final_00015222-RA	100.000	165	0	0	683	847	2617	2781	4.61e-82	305
NChap1_final_00022113	NChap2_final_00015800-RA	89.024	164	17	1	961	1123	1239	1402	6.22e-51	202
NChap1_final_00022150	NChap2_final_00015177-RA	99.389	819	5	0	243	1061	1462	2280	0.0	1485
NChap1_final_00022150	NChap2_final_00015177-RA	100.000	87	0	0	41	127	1379	1465	1.02e-38	161
NChap1_final_00022177	NChap2_final_00015158-RA	98.921	2224	9	1	123	2346	2370	4578	0.0	3960
NChap1_final_00022203	NChap2_final_00015145-RA	95.098	102	5	0	58	159	1240	1341	5.46e-39	161
NChap1_final_00022336	NChap2_final_00015049-RA	100.000	822	0	0	1	822	2521	3342	0.0	1519
NChap1_final_00022362	NChap2_final_00015024-RA	100.000	356	0	0	403	758	232	587	0.0	658
NChap1_final_00022362	NChap2_final_00015024-RA	99.156	237	2	0	1	237	1	237	1.50e-118	427
NChap1_final_00022362	NChap2_final_00015024-RA	100.000	180	0	0	1612	1791	832	1011	3.37e-90	333
NChap1_final_00022362	NChap2_final_00015024-RA	88.710	248	0	1	1336	1555	585	832	1.60e-73	278
NChap1_final_00022362	NChap2_final_00027070-RA	73.770	610	144	15	1185	1785	1071	1673	5.88e-58	226
NChap1_final_00022362	NChap2_final_00019598-RA	96.341	82	3	0	331	412	8	89	1.02e-30	135
NChap1_final_00022385	NChap2_final_00007195-RA	82.143	112	16	4	250	359	144	253	3.95e-18	93.5
NChap1_final_00022385	NChap2_final_00018294-RA	100.000	32	0	0	412	443	411	380	4.01e-08	60.2
NChap1_final_00022394	NChap2_final_00015002-RA	99.838	619	1	0	1	619	17	635	0.0	1138
NChap1_final_00022428	NChap2_final_00014978-RA	100.000	883	0	0	1	883	21	903	0.0	1631
NChap1_final_00022428	NChap2_final_00003110-RA	89.523	859	90	0	22	880	627	1485	0.0	1088
NChap1_final_00022428	NChap2_final_00003110-RA	87.442	430	54	0	1	430	30	459	2.15e-139	496
NChap1_final_00022524	NChap2_final_00014899-RA	100.000	396	0	0	1	396	2370	2765	0.0	732
NChap1_final_00022672	NChap2_final_00014770-RA	99.137	1043	3	1	2	1038	1847	2889	0.0	1871
NChap1_final_00022695	NChap2_final_00014753-RA	99.419	689	4	0	1	689	1	689	0.0	1251
NChap1_final_00022695	NChap2_final_00014753-RA	100.000	29	0	0	769	797	690	718	1.29e-06	54.7
NChap1_final_00022773	NChap2_final_00014682-RA	99.034	207	2	0	8	214	2444	2650	8.72e-102	372
NChap1_final_00022773	NChap2_final_00014682-RA	99.034	207	2	0	215	421	2444	2650	8.72e-102	372
NChap1_final_00022773	NChap2_final_00014682-RA	99.034	207	2	0	422	628	2444	2650	8.72e-102	372
NChap1_final_00022773	NChap2_final_00014682-RA	99.034	207	2	0	8	214	2951	3157	8.72e-102	372
NChap1_final_00022773	NChap2_final_00014682-RA	99.034	207	2	0	215	421	2951	3157	8.72e-102	372
NChap1_final_00022773	NChap2_final_00014682-RA	99.034	207	2	0	422	628	2951	3157	8.72e-102	372
NChap1_final_00022773	NChap2_final_00014682-RA	98.068	207	4	0	8	214	1565	1771	1.89e-98	361
NChap1_final_00022773	NChap2_final_00014682-RA	98.068	207	4	0	215	421	1565	1771	1.89e-98	361
NChap1_final_00022773	NChap2_final_00014682-RA	98.068	207	4	0	422	628	1565	1771	1.89e-98	361
NChap1_final_00022773	NChap2_final_00014682-RA	100.000	65	0	0	629	693	1565	1629	3.49e-26	121
NChap1_final_00022773	NChap2_final_00014682-RA	100.000	65	0	0	629	693	2444	2508	3.49e-26	121
NChap1_final_00022773	NChap2_final_00014682-RA	100.000	65	0	0	629	693	2951	3015	3.49e-26	121
NChap1_final_00022909	NChap2_final_00014581-RA	99.831	590	0	1	30	619	17	605	0.0	1083
NChap1_final_00022909	NChap2_final_00014581-RA	96.364	55	1	1	614	668	672	725	3.08e-17	89.8
NChap1_final_00022922	NChap2_final_00014569-RA	98.454	194	3	0	661	854	1028	1221	2.72e-93	342
NChap1_final_00022922	NChap2_final_00014569-RA	100.000	96	0	0	568	663	545	640	8.12e-44	178
NChap1_final_00022994	NChap2_final_00014498-RA	99.434	1237	3	1	1	1233	3336	4572	0.0	2242
NChap1_final_00022997	NChap2_final_00014496-RA	97.163	141	0	1	12	148	2298	2438	9.71e-62	235
NChap1_final_00023017	NChap2_final_00014481-RA	99.825	573	1	0	1	573	1476	2048	0.0	1053
NChap1_final_00023051	NChap2_final_00014457-RA	99.074	216	2	0	1	216	194	409	1.93e-107	388
NChap1_final_00023051	NChap2_final_00014457-RA	99.048	105	1	0	250	354	410	514	2.10e-47	189
NChap1_final_00023176	NChap2_final_00014356-RA	99.810	526	1	0	1	526	1	526	0.0	966
NChap1_final_00023176	NChap2_final_00014356-RA	99.398	166	1	0	734	899	525	690	4.71e-81	302
NChap1_final_00023176	NChap2_final_00016190-RA	92.655	177	13	0	721	897	1844	2020	3.72e-67	255
NChap1_final_00023176	NChap2_final_00004288-RA	91.489	141	12	0	755	895	175	315	8.22e-49	195
NChap1_final_00023213	NChap2_final_00014324-RA	98.039	765	3	1	1	765	101	853	0.0	1319
NChap1_final_00023213	NChap2_final_00014324-RA	100.000	126	0	0	797	922	854	979	2.16e-60	233
NChap1_final_00023256	NChap2_final_00014288-RA	100.000	72	0	0	770	841	1	72	1.88e-30	134
NChap1_final_00023261	NChap2_final_00014284-RA	99.642	279	1	0	1	279	201	479	1.27e-143	510
NChap1_final_00023301	NChap2_final_00014256-RA	99.889	899	1	0	1	899	1047	1945	0.0	1655
NChap1_final_00023343	NChap2_final_00014223-RA	99.911	1119	1	0	1	1119	1	1119	0.0	2061
NChap1_final_00023432	NChap2_final_00014156-RA	98.906	457	5	0	1	457	1	457	0.0	817
NChap1_final_00023467	NChap2_final_00014136-RA	100.000	400	0	0	42	441	122	521	0.0	739
NChap1_final_00023546	NChap2_final_00014075-RA	97.600	1250	4	2	22	1246	135	1383	0.0	2119
NChap1_final_00023546	NChap2_final_00020490-RA	84.925	398	58	2	186	582	278	674	6.30e-111	401
NChap1_final_00023546	NChap2_final_00011247-RA	74.833	747	181	6	239	981	659	1402	8.38e-90	331
NChap1_final_00023603	NChap2_final_00014022-RA	99.815	541	1	0	1	541	1	541	0.0	994
NChap1_final_00023603	NChap2_final_00014022-RA	100.000	404	0	0	666	1069	540	943	0.0	747
NChap1_final_00023695	NChap2_final_00013955-RA	87.313	268	12	1	1248	1515	1358	1113	2.76e-76	287
NChap1_final_00023695	NChap2_final_00013955-RA	98.413	126	2	0	1555	1680	997	872	7.90e-57	222
NChap1_final_00023695	NChap2_final_00013955-RA	99.083	109	1	0	198	306	1520	1412	4.79e-49	196
NChap1_final_00023695	NChap2_final_00013955-RA	98.958	96	1	0	37	132	1636	1541	8.06e-42	172
NChap1_final_00023695	NChap2_final_00013955-RA	100.000	57	0	0	739	795	1413	1357	8.30e-22	106
NChap1_final_00023695	NChap2_final_00013955-RA	100.000	43	0	0	1516	1558	1133	1091	5.03e-14	80.5
NChap1_final_00023695	NChap2_final_00016093-RA	100.000	29	0	0	673	701	778	806	3.05e-06	54.7
NChap1_final_00023747	NChap2_final_00013918-RA	99.934	1526	1	0	451	1976	2778	4303	0.0	2813
NChap1_final_00023747	NChap2_final_00019517-RA	100.000	60	0	0	1411	1470	217	276	1.90e-23	111
NChap1_final_00023747	NChap2_final_00019517-RA	100.000	52	0	0	1694	1745	324	375	5.32e-19	97.1
NChap1_final_00023916	NChap2_final_00013776-RA	99.630	541	2	0	1	541	1	541	0.0	989
NChap1_final_00023916	NChap2_final_00013775-RA	100.000	199	0	0	582	780	786	588	3.95e-101	368
NChap1_final_00023916	NChap2_final_00013775-RA	98.077	52	1	0	490	541	1053	1002	9.58e-18	91.6
NChap1_final_00023916	NChap2_final_00013775-RA	100.000	41	0	0	542	582	854	814	2.68e-13	76.8
NChap1_final_00024095	NChap2_final_00013629-RA	99.734	753	2	0	165	917	2364	3116	0.0	1380
NChap1_final_00024095	NChap2_final_00013629-RA	98.884	448	5	0	915	1362	3198	3645	0.0	800
NChap1_final_00024215	NChap2_final_00013517-RA	94.944	712	13	15	46	756	764	1453	0.0	1094
NChap1_final_00024243	NChap2_final_00013492-RA	99.732	746	2	0	862	1607	1168	1913	0.0	1367
NChap1_final_00024243	NChap2_final_00013492-RA	100.000	74	0	0	789	862	50	123	2.54e-31	137
NChap1_final_00024243	NChap2_final_00013492-RA	98.039	51	1	0	73	123	1	51	7.21e-17	89.8
NChap1_final_00024299	NChap2_final_00013460-RA	99.142	466	4	0	32	497	529	994	0.0	839
NChap1_final_00024379	NChap2_final_00013387-RA	100.000	471	0	0	1	471	1	471	0.0	870
NChap1_final_00024437	NChap2_final_00013337-RA	97.863	702	3	2	70	771	729	1418	0.0	1203
NChap1_final_00024537	NChap2_final_00013257-RA	99.448	1269	7	0	1	1269	2584	3852	0.0	2305
NChap1_final_00024721	NChap2_final_00013116-RA	100.000	314	0	0	481	794	2101	1788	6.09e-165	580
NChap1_final_00024721	NChap2_final_00013116-RA	100.000	170	0	0	812	981	1637	1468	6.82e-85	315
NChap1_final_00024721	NChap2_final_00013116-RA	100.000	31	0	0	981	1011	1284	1254	1.27e-07	58.4
NChap1_final_00024882	NChap2_final_00012982-RA	100.000	171	0	0	1	171	62	232	3.99e-86	316
NChap1_final_00025550	NChap2_final_00012448-RA	100.000	582	0	0	249	830	252	833	0.0	1075
NChap1_final_00025550	NChap2_final_00012448-RA	100.000	123	0	0	128	250	1	123	7.47e-59	228
NChap1_final_00025550	NChap2_final_00004975-RA	99.091	110	1	0	289	398	1752	1861	5.85e-50	198
NChap1_final_00025625	NChap2_final_00012383-RA	99.810	527	1	0	1	527	527	1	0.0	968
NChap1_final_00025625	NChap2_final_00012384-RA	91.943	633	3	2	1156	1740	1	633	0.0	843
NChap1_final_00025625	NChap2_final_00012384-RA	98.084	261	5	0	1812	2072	632	892	7.99e-127	455
NChap1_final_00025733	NChap2_final_00023494-RA	76.960	421	88	9	723	1138	858	1274	1.09e-59	231
NChap1_final_00025744	NChap2_final_00012290-RA	96.405	918	12	9	1	918	858	1754	0.0	1493
NChap1_final_00025744	NChap2_final_00012291-RA	97.630	211	4	1	694	903	1303	1093	7.83e-99	361
NChap1_final_00025745	NChap2_final_00012290-RA	100.000	762	0	0	665	1426	70	831	0.0	1408
NChap1_final_00025771	NChap2_final_00012279-RA	99.014	507	2	1	859	1362	2811	2305	0.0	905
NChap1_final_00025771	NChap2_final_00012278-RA	100.000	250	0	0	165	414	1568	1817	3.12e-129	462
NChap1_final_00025840	NChap2_final_00012229-RA	99.235	523	4	0	512	1034	4725	5247	0.0	944
NChap1_final_00025840	NChap2_final_00012229-RA	98.866	441	2	1	74	514	4242	4679	0.0	784
NChap1_final_00025840	NChap2_final_00012229-RA	100.000	303	0	0	1032	1334	5308	5610	1.14e-158	560
NChap1_final_00025862	NChap2_final_00012211-RA	99.885	1745	2	0	60	1804	53	1797	0.0	3212
NChap1_final_00025876	NChap2_final_00012202-RA	99.929	2799	2	0	1	2799	3328	6126	0.0	5158
NChap1_final_00025884	NChap2_final_00012192-RA	99.177	486	4	0	23	508	439	924	0.0	876
NChap1_final_00026014	NChap2_final_00012087-RA	99.911	1121	1	0	1	1121	1644	2764	0.0	2065
NChap1_final_00026014	NChap2_final_00012087-RA	100.000	98	0	0	1187	1284	2762	2859	9.21e-45	182
NChap1_final_00026174	NChap2_final_00011945-RA	99.825	1146	2	0	1	1146	1	1146	0.0	2106
NChap1_final_00026354	NChap2_final_00011797-RA	96.883	385	2	1	339	723	830	1204	0.0	636
NChap1_final_00026354	NChap2_final_00011797-RA	95.652	69	3	0	162	230	761	829	8.54e-24	111
NChap1_final_00026416	NChap2_final_00011752-RA	99.473	1138	6	0	1	1138	1	1138	0.0	2069
NChap1_final_00026459	NChap2_final_00011714-RA	99.656	582	1	1	367	948	1546	2126	0.0	1062
NChap1_final_00026459	NChap2_final_00011714-RA	99.510	204	1	0	70	273	1329	1532	3.74e-102	372
NChap1_final_00026465	NChap2_final_00011710-RA	98.429	191	0	1	1	191	188	1	6.35e-90	333
NChap1_final_00026691	NChap2_final_00011508-RA	99.781	1369	3	0	1	1369	20	1388	0.0	2512
NChap1_final_00027189	NChap2_final_00016999-RA	76.017	959	204	20	2089	3036	2278	3221	3.30e-132	473
NChap1_final_00027189	NChap2_final_00007711-RA	100.000	30	0	0	2596	2625	2744	2773	1.42e-06	56.5
NChap1_final_00027216	NChap2_final_00011063-RA	100.000	426	0	0	1	426	101	526	0.0	787
NChap1_final_00027864	NChap2_final_00010599-RA	99.273	550	4	0	663	1212	2145	2694	0.0	994
NChap1_final_00027864	NChap2_final_00010599-RA	99.301	286	2	0	63	348	1575	1860	5.82e-146	518
NChap1_final_00027864	NChap2_final_00010599-RA	100.000	227	0	0	349	575	1918	2144	1.69e-116	420
NChap1_final_00027864	NChap2_final_00010599-RA	98.507	67	1	0	1	67	1444	1510	6.90e-26	119
NChap1_final_00027905	NChap2_final_00008631-RA	100.000	239	0	0	591	829	6	244	3.04e-123	442
NChap1_final_00027905	NChap2_final_00008631-RA	98.462	65	0	1	946	1010	245	308	2.71e-24	113
NChap1_final_00027926	NChap2_final_00008609-RA	99.488	586	3	0	1	586	1291	1876	0.0	1066
NChap1_final_00027952	NChap2_final_00008590-RA	99.369	793	4	1	1	793	1	792	0.0	1435
NChap1_final_00027952	NChap2_final_00008590-RA	98.592	71	1	0	792	862	833	903	4.04e-28	126
NChap1_final_00028116	NChap2_final_00009327-RA	99.075	757	7	0	272	1028	3450	4206	0.0	1360
NChap1_final_00028116	NChap2_final_00009327-RA	98.565	627	7	1	1087	1713	4205	4829	0.0	1107
NChap1_final_00028165	NChap2_final_00009358-RA	98.491	994	2	1	1	994	154	1134	0.0	1740
NChap1_final_00028365	NChap2_final_00009510-RA	98.480	329	5	0	344	672	310	638	5.05e-165	580
NChap1_final_00028365	NChap2_final_00009510-RA	99.672	305	1	0	1	305	6	310	2.37e-158	558
NChap1_final_00028365	NChap2_final_00009510-RA	100.000	53	0	0	695	747	639	691	6.21e-20	99.0
NChap1_final_00028664	NChap2_final_00009777-RA	99.461	742	4	0	10	751	66	807	0.0	1349
NChap1_final_00028675	NChap2_final_00012485-RA	94.898	98	5	0	1489	1586	198	295	5.78e-36	154
NChap1_final_00028719	NChap2_final_00009816-RA	99.353	773	2	1	1	770	8	780	0.0	1397
NChap1_final_00028739	NChap2_final_00009831-RA	99.205	755	6	0	797	1551	1297	2051	0.0	1362
NChap1_final_00028739	NChap2_final_00009831-RA	99.411	679	4	0	48	726	620	1298	0.0	1232
NChap1_final_00028739	NChap2_final_00009831-RA	98.611	72	1	0	139	210	7466	7537	1.56e-28	128
NChap1_final_00028739	NChap2_final_00009831-RA	100.000	47	0	0	1	47	234	280	2.64e-16	87.9
NChap1_final_00028739	NChap2_final_00009831-RA	100.000	35	0	0	316	350	7653	7687	1.24e-09	65.8
NChap1_final_00028980	NChap2_final_00010022-RA	100.000	369	0	0	1	369	833	1201	0.0	682
NChap1_final_00029001	NChap2_final_00010035-RA	99.421	1036	6	0	381	1416	1611	2646	0.0	1881
NChap1_final_00029132	NChap2_final_00010148-RA	99.351	154	1	0	1	154	417	264	7.65e-75	279
NChap1_final_00029132	NChap2_final_00010148-RA	98.864	88	1	0	240	327	266	179	3.74e-38	158
NChap1_final_00029132	NChap2_final_00010148-RA	88.333	120	14	0	22	141	1083	964	2.91e-34	145
NChap1_final_00029176	NChap2_final_00010195-RA	98.861	966	11	0	3	968	1986	2951	0.0	1724
NChap1_final_00029436	NChap2_final_00010393-RA	99.134	693	6	0	1	693	11	703	0.0	1247
NChap1_final_00029507	NChap2_final_00010445-RA	99.291	1551	11	0	1	1551	115	1665	0.0	2804
NChap1_final_00029507	NChap2_final_00010445-RA	100.000	44	0	0	1625	1668	1689	1732	1.25e-14	82.4
NChap1_final_00029507	NChap2_final_00014588-RA	85.199	804	119	0	205	1008	341	1144	0.0	826
NChap1_final_00029557	NChap2_final_00010486-RA	96.951	164	2	1	1	164	1	161	3.02e-72	272
NChap1_final_00029557	NChap2_final_00010486-RA	97.500	40	1	0	224	263	159	198	4.26e-11	69.4
NChap1_final_00029638	NChap2_final_00014143-RA	81.434	851	150	7	1749	2595	1902	2748	0.0	689
NChap1_final_00029638	NChap2_final_00001258-RA	100.000	30	0	0	2308	2337	2411	2440	1.29e-06	56.5
NChap1_final_00029865	NChap2_final_00024011-RA	89.024	82	3	4	761	838	2069	1990	2.22e-19	97.1
NChap1_final_00029865	NChap2_final_00003876-RA	89.744	78	4	4	764	838	2363	2287	2.22e-19	97.1
NChap1_final_00029865	NChap2_final_00021274-RA	87.805	82	4	4	761	838	1999	1920	1.03e-17	91.6
NChap1_final_00029882	NChap2_final_00008814-RA	99.155	355	3	0	105	459	1118	1472	0.0	640
NChap1_final_00029883	NChap2_final_00008814-RA	99.205	629	4	1	99	727	85	712	0.0	1133
NChap1_final_00029883	NChap2_final_00008814-RA	99.454	366	2	0	778	1143	724	1089	0.0	665
NChap1_final_00029883	NChap2_final_00008814-RA	100.000	73	0	0	1	73	15	87	6.61e-31	135
NChap1_final_00029883	NChap2_final_00023547-RA	94.410	161	9	0	607	767	460	620	8.13e-65	248
NChap1_final_00029883	NChap2_final_00007050-RA	97.037	135	4	0	434	568	257	391	1.06e-58	228
NChap1_final_00029883	NChap2_final_00008453-RA	92.424	132	9	1	598	728	356	487	1.80e-46	187
NChap1_final_00029883	NChap2_final_00004657-RA	87.097	93	12	0	515	607	251	343	5.18e-22	106
NChap1_final_00029883	NChap2_final_00010473-RA	96.296	54	2	0	515	568	258	311	5.22e-17	89.8
NChap1_final_00029896	NChap2_final_00008828-RA	96.596	705	8	6	862	1554	2537	3237	0.0	1155
NChap1_final_00029896	NChap2_final_00008828-RA	99.202	501	4	0	45	545	2043	2543	0.0	904
NChap1_final_00029896	NChap2_final_00008828-RA	85.514	214	19	9	1313	1520	2855	3062	3.97e-54	213
NChap1_final_00029896	NChap2_final_00028944-RA	72.287	516	135	8	361	872	317	828	2.44e-36	154
NChap1_final_00029911	NChap2_final_00008840-RA	93.490	553	12	1	415	943	1440	1992	0.0	800
NChap1_final_00029911	NChap2_final_00008840-RA	98.810	336	4	0	1025	1360	1990	2325	2.27e-170	599
NChap1_final_00029911	NChap2_final_00008840-RA	98.305	59	1	0	20	78	1387	1445	2.17e-21	104
NChap1_final_00029911	NChap2_final_00028970-RA	99.634	273	1	0	507	779	1	273	2.37e-140	499
NChap1_final_00029911	NChap2_final_00026382-RA	98.901	273	3	0	507	779	1	273	5.14e-137	488
NChap1_final_00029968	NChap2_final_00008885-RA	99.213	889	7	0	1	889	1204	2092	0.0	1604
NChap1_final_00029994	NChap2_final_00008912-RA	99.254	804	6	0	1	804	171	974	0.0	1452
NChap1_final_00030024	NChap2_final_00008936-RA	98.874	444	2	1	1	444	1	441	0.0	789
NChap1_final_00030024	NChap2_final_00008936-RA	100.000	85	0	0	483	567	441	525	7.85e-38	158
NChap1_final_00030024	NChap2_final_00004597-RA	87.712	472	54	3	98	567	147	616	3.99e-155	547
NChap1_final_00030108	NChap2_final_00009019-RA	98.385	743	8	2	1	743	1	739	0.0	1303
NChap1_final_00030113	NChap2_final_00009022-RA	99.688	320	1	0	1	320	427	746	1.49e-166	586
NChap1_final_00030113	NChap2_final_00013580-RA	94.118	323	16	1	1	320	73	395	4.34e-137	488
NChap1_final_00030113	NChap2_final_00018953-RA	87.500	320	16	6	1	317	131	429	7.68e-95	348
NChap1_final_00030156	NChap2_final_00009072-RA	97.051	780	23	0	1	780	4807	5586	0.0	1314
NChap1_final_00030191	NChap2_final_00009108-RA	97.737	486	8	1	1499	1984	848	366	0.0	833
NChap1_final_00030191	NChap2_final_00009108-RA	98.936	188	2	0	2217	2404	188	1	3.75e-91	337
NChap1_final_00030191	NChap2_final_00009108-RA	99.320	147	1	0	1985	2131	333	187	4.98e-70	267
NChap1_final_00030210	NChap2_final_00009126-RA	99.185	736	6	0	180	915	163	898	0.0	1327
NChap1_final_00030210	NChap2_final_00009126-RA	98.485	66	1	0	114	179	57	122	2.09e-25	117
NChap1_final_00030210	NChap2_final_00022646-RA	92.941	85	4	1	1	83	1409	1325	4.49e-27	122
NChap1_final_00030210	NChap2_final_00010765-RA	93.671	79	5	0	1	79	161	83	5.81e-26	119
NChap1_final_00030218	NChap2_final_00009133-RA	97.661	513	12	0	19	531	872	1384	0.0	881
NChap1_final_00030218	NChap2_final_00009133-RA	97.101	69	2	0	530	598	1445	1513	3.86e-25	117
NChap1_final_00030218	NChap2_final_00009132-RA	100.000	78	0	0	1782	1859	2430	2353	1.77e-33	145
NChap1_final_00030238	NChap2_final_00009150-RA	96.583	439	13	1	1	439	1	437	0.0	726
NChap1_final_00030482	NChap2_final_00008407-RA	99.225	258	2	0	55	312	6110	6367	9.62e-131	466
NChap1_final_00030482	NChap2_final_00008407-RA	86.047	258	18	10	55	312	3443	3682	4.87e-69	261
NChap1_final_00030482	NChap2_final_00008407-RA	80.224	268	22	12	189	428	5460	5724	2.35e-42	172
NChap1_final_00030482	NChap2_final_00008407-RA	81.461	178	19	8	363	539	3793	3957	1.11e-30	134
NChap1_final_00030482	NChap2_final_00008407-RA	100.000	61	0	0	369	429	6381	6441	1.44e-24	113
NChap1_final_00030602	NChap2_final_00008295-RA	99.862	1446	2	0	1	1446	4168	5613	0.0	2660
NChap1_final_00030608	NChap2_final_00008288-RA	99.738	1143	3	0	1	1143	24	1166	0.0	2095
NChap1_final_00030629	NChap2_final_00008267-RA	99.788	943	2	0	1	943	1072	2014	0.0	1731
NChap1_final_00030648	NChap2_final_00008257-RA	99.687	1276	4	0	3	1278	142	1417	0.0	2335
NChap1_final_00030648	NChap2_final_00008820-RA	86.807	1137	146	4	17	1151	5	1139	0.0	1266
NChap1_final_00030672	NChap2_final_00008238-RA	99.902	1017	1	0	464	1480	529	1545	0.0	1873
NChap1_final_00030672	NChap2_final_00009070-RA	81.612	484	89	0	402	885	93	576	7.52e-111	401
NChap1_final_00030691	NChap2_final_00008229-RA	99.741	386	1	0	7	392	3304	3689	0.0	708
NChap1_final_00030691	NChap2_final_00007086-RA	85.915	355	46	4	1	353	101	453	1.60e-103	375
NChap1_final_00030738	NChap2_final_00029018-RA	100.000	386	0	0	1358	1743	290	675	0.0	713
NChap1_final_00030738	NChap2_final_00029018-RA	99.107	112	0	1	1097	1207	178	289	3.51e-50	200
NChap1_final_00030738	NChap2_final_00029018-RA	100.000	99	0	0	1003	1101	1	99	3.53e-45	183
NChap1_final_00030758	NChap2_final_00029003-RA	100.000	605	0	0	1	605	27	631	0.0	1118
NChap1_final_00030830	NChap2_final_00028950-RA	100.000	1181	0	0	183	1363	54	1234	0.0	2182
NChap1_final_00030830	NChap2_final_00028950-RA	100.000	47	0	0	1388	1434	1234	1280	2.73e-16	87.9
NChap1_final_00030830	NChap2_final_00009454-RA	83.582	871	141	2	191	1060	318	1187	0.0	815
NChap1_final_00030830	NChap2_final_00003311-RA	92.715	302	21	1	595	895	756	1057	8.46e-121	435
NChap1_final_00030830	NChap2_final_00027511-RA	93.939	132	8	0	595	726	564	695	3.36e-50	200
NChap1_final_00030830	NChap2_final_00027511-RA	94.175	103	5	1	811	912	696	798	7.38e-37	156
NChap1_final_00030830	NChap2_final_00013285-RA	94.175	103	5	1	811	912	696	798	7.38e-37	156
NChap1_final_00030848	NChap2_final_00028936-RA	100.000	90	0	0	300	389	3499	3410	7.49e-41	167
NChap1_final_00030865	NChap2_final_00028927-RA	98.808	671	0	1	1	671	1	663	0.0	1188
NChap1_final_00030883	NChap2_final_00028917-RA	99.883	853	1	0	105	957	3332	4184	0.0	1570
NChap1_final_00030883	NChap2_final_00028917-RA	100.000	38	0	0	1531	1568	4183	4220	2.78e-11	71.3
NChap1_final_00030884	NChap2_final_00028917-RA	99.891	916	1	0	19	934	4218	5133	0.0	1687
NChap1_final_00030916	NChap2_final_00028892-RA	100.000	692	0	0	1	692	1	692	0.0	1279
NChap1_final_00030916	NChap2_final_00028892-RA	100.000	43	0	0	757	799	692	734	2.42e-14	80.5
NChap1_final_00030916	NChap2_final_00015263-RA	85.935	647	88	1	42	688	48	691	0.0	688
NChap1_final_00030916	NChap2_final_00022791-RA	84.718	674	87	5	31	695	221	887	0.0	660
NChap1_final_00030916	NChap2_final_00028214-RA	84.709	327	50	0	285	611	320	646	7.84e-89	327
NChap1_final_00030945	NChap2_final_00028868-RA	100.000	29	0	0	965	993	3901	3873	1.61e-06	54.7
NChap1_final_00031004	NChap2_final_00028828-RA	100.000	361	0	0	1177	1537	576	936	0.0	667
NChap1_final_00031004	NChap2_final_00028828-RA	99.194	248	0	1	1	246	1	248	3.67e-124	446
NChap1_final_00031004	NChap2_final_00028828-RA	100.000	169	0	0	805	973	408	576	3.88e-84	313
NChap1_final_00031004	NChap2_final_00028828-RA	100.000	161	0	0	535	695	249	409	1.09e-79	298
NChap1_final_00031014	NChap2_final_00028819-RA	97.898	571	5	4	1	569	1	566	0.0	981
NChap1_final_00031039	NChap2_final_00028803-RA	98.579	985	3	1	1	985	1	974	0.0	1731
NChap1_final_00031039	NChap2_final_00028803-RA	99.618	786	3	0	986	1771	1011	1796	0.0	1435
NChap1_final_00031099	NChap2_final_00028758-RA	99.520	625	3	0	355	979	2243	2867	0.0	1138
NChap1_final_00031099	NChap2_final_00028758-RA	97.465	355	9	0	1	355	1796	2150	1.22e-172	606
NChap1_final_00031099	NChap2_final_00028758-RA	98.054	257	4	1	972	1227	3090	3346	2.82e-124	446
NChap1_final_00031108	NChap2_final_00028754-RA	98.256	172	3	0	438	609	1437	1266	3.31e-81	302
NChap1_final_00031108	NChap2_final_00028754-RA	91.176	170	15	0	440	609	724	555	4.40e-60	231
NChap1_final_00031142	NChap2_final_00028730-RA	97.959	98	2	0	673	770	2784	2687	1.29e-41	171
NChap1_final_00031142	NChap2_final_00028730-RA	100.000	68	0	0	770	837	2469	2402	2.83e-28	126
NChap1_final_00031223	NChap2_final_00028674-RA	100.000	812	0	0	1	812	1	812	0.0	1500
NChap1_final_00031223	NChap2_final_00028674-RA	98.000	50	1	0	1065	1114	813	862	2.09e-16	87.9
NChap1_final_00031269	NChap2_final_00028635-RA	99.881	841	1	0	92	932	396	1236	0.0	1548
NChap1_final_00031269	NChap2_final_00028635-RA	82.681	843	144	2	92	933	1290	2131	0.0	747
NChap1_final_00031269	NChap2_final_00028635-RA	100.000	67	0	0	29	95	1	67	1.17e-27	124
NChap1_final_00031319	NChap2_final_00028592-RA	97.868	985	3	1	1	985	1	967	0.0	1687
NChap1_final_00031341	NChap2_final_00028578-RA	94.253	522	18	7	1	512	2	521	0.0	787
NChap1_final_00031343	NChap2_final_00028577-RA	89.046	283	31	0	1	283	2625	2907	1.41e-96	351
NChap1_final_00031388	NChap2_final_00028540-RA	100.000	987	0	0	1	987	469	1455	0.0	1823
NChap1_final_00031388	NChap2_final_00009088-RA	83.850	935	142	7	1	932	190	1118	0.0	881
NChap1_final_00031388	NChap2_final_00018570-RA	78.221	877	184	5	1	872	2017	2891	3.60e-157	555
NChap1_final_00031389	NChap2_final_00028540-RA	100.000	435	0	0	1	435	1	435	0.0	804
NChap1_final_00031411	NChap2_final_00027119-RA	93.855	179	7	1	1294	1472	345	171	2.84e-70	267
NChap1_final_00031412	NChap2_final_00027119-RA	94.558	294	11	2	2326	2619	67	355	4.71e-125	449
NChap1_final_00031412	NChap2_final_00024428-RA	97.753	89	2	0	809	897	645	733	4.13e-36	154
NChap1_final_00031476	NChap2_final_00028478-RA	99.567	462	2	0	1	462	4	465	0.0	843
NChap1_final_00031476	NChap2_final_00025908-RA	87.500	184	23	0	272	455	191	374	1.23e-54	213
NChap1_final_00031641	NChap2_final_00028345-RA	99.842	631	0	1	6	636	1838	2467	0.0	1158
NChap1_final_00031805	NChap2_final_00028199-RA	99.206	126	1	0	985	1110	231	106	1.08e-58	228
NChap1_final_00031854	NChap2_final_00028166-RA	99.864	1466	2	0	1	1466	2729	4194	0.0	2697
NChap1_final_00031854	NChap2_final_00021932-RA	76.512	860	180	12	593	1435	274	1128	3.06e-125	449
NChap1_final_00031861	NChap2_final_00028160-RA	99.388	1470	3	1	1	1470	2735	4198	0.0	2660
NChap1_final_00031995	NChap2_final_00000539-RA	74.541	817	181	26	385	1181	565	1374	9.65e-90	331
NChap1_final_00032011	NChap2_final_00027586-RA	97.115	208	6	0	160	367	208	1	5.62e-96	351
NChap1_final_00032011	NChap2_final_00027586-RA	94.828	116	4	2	15	129	321	207	2.81e-44	180
NChap1_final_00032023	NChap2_final_00027594-RA	99.385	975	6	0	1	975	3204	4178	0.0	1768
NChap1_final_00032025	NChap2_final_00027597-RA	99.785	466	1	0	1	466	49	514	0.0	856
NChap1_final_00032100	NChap2_final_00027649-RA	100.000	279	0	0	1	279	9	287	1.46e-145	516
NChap1_final_00032100	NChap2_final_00027649-RA	100.000	53	0	0	800	852	288	340	6.27e-20	99.0
NChap1_final_00032100	NChap2_final_00027646-RA	99.156	237	2	0	43	279	42	278	7.05e-119	427
NChap1_final_00032100	NChap2_final_00027650-RA	91.787	207	17	0	73	279	316	522	3.47e-77	289
NChap1_final_00032100	NChap2_final_00027650-RA	90.476	126	12	0	727	852	523	648	1.70e-40	167
NChap1_final_00032100	NChap2_final_00027647-RA	97.826	92	2	0	41	132	58	149	2.84e-38	159
NChap1_final_00032100	NChap2_final_00027647-RA	100.000	85	0	0	195	279	149	233	1.02e-37	158
NChap1_final_00032100	NChap2_final_00017304-RA	82.022	89	12	3	753	839	229	315	3.80e-12	73.1
NChap1_final_00032123	NChap2_final_00027663-RA	99.548	221	1	0	133	353	771	991	4.78e-112	403
NChap1_final_00032191	NChap2_final_00027710-RA	98.117	531	4	1	539	1069	2716	3240	0.0	920
NChap1_final_00032191	NChap2_final_00027710-RA	100.000	319	0	0	220	538	2337	2655	1.07e-167	590
NChap1_final_00032235	NChap2_final_00027745-RA	99.297	1848	13	0	258	2105	3525	5372	0.0	3341
NChap1_final_00032235	NChap2_final_00027744-RA	100.000	123	0	0	1983	2105	2905	2783	1.93e-58	228
NChap1_final_00032255	NChap2_final_00027757-RA	99.523	838	4	0	21	858	1	838	0.0	1526
NChap1_final_00032255	NChap2_final_00020316-RA	93.765	417	26	0	67	483	19	435	6.80e-179	627
NChap1_final_00032255	NChap2_final_00014811-RA	96.949	295	9	0	276	570	415	709	2.00e-139	496
NChap1_final_00032255	NChap2_final_00027773-RA	95.076	264	13	0	277	540	1	264	1.60e-115	416
NChap1_final_00032306	NChap2_final_00027789-RA	99.643	280	1	0	54	333	1945	2224	1.33e-144	512
NChap1_final_00032343	NChap2_final_00027829-RA	100.000	980	0	0	37	1016	3085	4064	0.0	1810
NChap1_final_00032343	NChap2_final_00027829-RA	99.807	519	1	0	1015	1533	4123	4641	0.0	953
NChap1_final_00032367	NChap2_final_00027848-RA	99.189	863	6	1	7	869	2158	3019	0.0	1554
NChap1_final_00032383	NChap2_final_00027857-RA	99.781	456	0	1	1	456	44	498	0.0	835
NChap1_final_00032383	NChap2_final_00027856-RA	100.000	81	0	0	10	90	123	43	9.58e-36	150
NChap1_final_00032394	NChap2_final_00027865-RA	100.000	1662	0	0	1	1662	33	1694	0.0	3070
NChap1_final_00032394	NChap2_final_00001539-RA	81.241	661	121	3	167	826	2184	2842	1.04e-149	531
NChap1_final_00032394	NChap2_final_00001539-RA	81.883	563	97	4	826	1384	3002	3563	2.29e-131	470
NChap1_final_00032426	NChap2_final_00027891-RA	98.796	1578	7	1	10	1587	1859	3424	0.0	2798
NChap1_final_00032426	NChap2_final_00027891-RA	84.324	740	112	4	186	923	676	1413	0.0	721
NChap1_final_00032426	NChap2_final_00027893-RA	99.213	889	7	0	1588	2476	206	1094	0.0	1604
NChap1_final_00032426	NChap2_final_00027893-RA	98.462	520	5	1	2475	2991	1198	1717	0.0	913
NChap1_final_00032567	NChap2_final_00028015-RA	99.194	124	1	0	1	124	101	224	2.17e-58	224
NChap1_final_00032658	NChap2_final_00028085-RA	96.203	79	3	0	153	231	273	195	1.06e-29	130
NChap1_final_00032658	NChap2_final_00028085-RA	100.000	40	0	0	362	401	40	1	5.05e-13	75.0
NChap1_final_00032659	NChap2_final_00028086-RA	98.546	894	13	0	1	894	2014	2907	0.0	1580
NChap1_final_00032674	NChap2_final_00028093-RA	99.070	430	3	1	40	468	662	1091	0.0	771
NChap1_final_00032769	NChap2_final_00027438-RA	99.719	711	2	0	1	711	1	711	0.0	1303
NChap1_final_00032769	NChap2_final_00027438-RA	100.000	83	0	0	737	819	709	791	1.27e-36	154
NChap1_final_00032896	NChap2_final_00027334-RA	100.000	469	0	0	160	628	79	547	0.0	867
NChap1_final_00032896	NChap2_final_00027334-RA	100.000	69	0	0	695	763	546	614	1.01e-28	128
NChap1_final_00032896	NChap2_final_00027334-RA	100.000	28	0	0	1	28	51	78	6.28e-06	52.8
NChap1_final_00032911	NChap2_final_00027324-RA	100.000	404	0	0	19	422	1406	1809	0.0	747
NChap1_final_00033044	NChap2_final_00027209-RA	100.000	465	0	0	9	473	1366	1830	0.0	859
NChap1_final_00033044	NChap2_final_00003491-RA	96.020	201	8	0	273	473	288	488	3.99e-89	327
NChap1_final_00033044	NChap2_final_00013834-RA	95.980	199	8	0	275	473	210	408	5.17e-88	324
NChap1_final_00033116	NChap2_final_00025093-RA	80.703	1394	263	6	1	1391	1511	2901	0.0	1079
NChap1_final_00033135	NChap2_final_00027142-RA	100.000	563	0	0	1	563	74	636	0.0	1040
NChap1_final_00033177	NChap2_final_00027112-RA	100.000	574	0	0	1	574	1	574	0.0	1061
NChap1_final_00033177	NChap2_final_00011186-RA	86.928	459	60	0	155	613	20	478	1.04e-145	516
NChap1_final_00033177	NChap2_final_00002819-RA	84.749	459	70	0	155	613	419	877	4.94e-129	460
NChap1_final_00033180	NChap2_final_00027109-RA	100.000	2966	0	0	1	2966	101	3066	0.0	5478
NChap1_final_00033288	NChap2_final_00027020-RA	100.000	1310	0	0	64	1373	2188	3497	0.0	2420
NChap1_final_00033329	NChap2_final_00026998-RA	100.000	772	0	0	1	772	160	931	0.0	1426
NChap1_final_00033648	NChap2_final_00026766-RA	100.000	1374	0	0	1	1374	3992	5365	0.0	2538
NChap1_final_00033944	NChap2_final_00026380-RA	99.841	1261	2	0	53	1313	1869	3129	0.0	2318
NChap1_final_00033944	NChap2_final_00025239-RA	77.907	946	199	10	91	1031	31	971	7.95e-165	580
NChap1_final_00033944	NChap2_final_00006169-RA	74.176	941	237	6	91	1028	36	973	1.86e-106	387
NChap1_final_00034085	NChap2_final_00026494-RA	98.976	586	5	1	1	585	90	675	0.0	1048
NChap1_final_00034085	NChap2_final_00026494-RA	99.476	191	1	0	644	834	709	899	5.62e-95	348
NChap1_final_00034144	NChap2_final_00026295-RA	96.898	1386	28	12	1	1383	2953	4326	0.0	2307
NChap1_final_00034144	NChap2_final_00026292-RA	100.000	322	0	0	894	1215	1	322	3.35e-169	595
NChap1_final_00034144	NChap2_final_00026292-RA	98.261	115	2	0	1269	1383	406	520	8.53e-51	202
NChap1_final_00034144	NChap2_final_00000913-RA	80.147	136	23	4	583	716	1035	1168	1.15e-19	99.0
NChap1_final_00034265	NChap2_final_00026207-RA	98.238	738	9	1	15	748	1	738	0.0	1288
NChap1_final_00034794	NChap2_final_00025779-RA	99.558	452	2	0	1	452	1	452	0.0	824
NChap1_final_00034871	NChap2_final_00025725-RA	100.000	582	0	0	1	582	1425	2006	0.0	1075
NChap1_final_00034871	NChap2_final_00025725-RA	97.034	236	0	1	715	950	2024	2252	2.52e-107	390
NChap1_final_00034871	NChap2_final_00025726-RA	99.588	243	1	0	2008	2250	1223	981	1.91e-123	444
NChap1_final_00034877	NChap2_final_00025717-RA	97.024	168	5	0	13	180	157	324	3.13e-76	283
NChap1_final_00034877	NChap2_final_00025714-RA	95.833	168	7	0	13	180	157	324	6.77e-73	272
NChap1_final_00034877	NChap2_final_00025723-RA	99.286	140	1	0	13	152	215	354	2.45e-67	254
NChap1_final_00034877	NChap2_final_00025716-RA	96.454	141	5	0	14	154	1	141	3.19e-61	233
NChap1_final_00034934	NChap2_final_00025679-RA	99.799	1492	3	0	1	1492	1843	3334	0.0	2739
NChap1_final_00034974	NChap2_final_00025654-RA	99.524	420	2	0	37	456	1658	2077	0.0	765
NChap1_final_00034974	NChap2_final_00025654-RA	98.754	321	4	0	697	1017	2396	2716	3.69e-162	571
NChap1_final_00034974	NChap2_final_00025654-RA	97.917	240	2	2	457	696	2111	2347	2.37e-114	412
NChap1_final_00034974	NChap2_final_00003721-RA	84.184	392	62	0	148	539	160	551	6.67e-105	381
NChap1_final_00034974	NChap2_final_00003721-RA	78.983	295	56	4	613	904	541	832	2.59e-49	196
NChap1_final_00034974	NChap2_final_00025653-RA	99.187	123	1	0	895	1017	1798	1676	4.28e-57	222
